Periode,W_Long_P1,W_Short_P1,W_Long_C1,W_Short_C1,W_Long_P2,W_Short_P2,W_Long_C2,W_Short_C2,Best_d,RunID,Gamma,Seed
2013-04-19,0.019995923978690877,0.0,0.0,0.0,0.0,0.006027277237979104,0.01263071574971902,0.0,1,20260217_173630_gamma=10_sB=0.02_lB=0.02_Max_diff=0.05_VOL=Vol_scaler[1]_VolMeth=rv,10,999
2013-05-17,0.019965026287358537,0.0,0.007223834717414516,0.0,0.0,0.0025412031110974686,0.013659890469751293,0.0,1,20260217_173630_gamma=10_sB=0.02_lB=0.02_Max_diff=0.05_VOL=Vol_scaler[1]_VolMeth=rv,10,999
2013-06-21,0.0,0.01999912745545517,0.00999922633552247,0.0,0.0,0.019999989632942243,0.0,0.0199999904020058,1,20260217_173630_gamma=10_sB=0.02_lB=0.02_Max_diff=0.05_VOL=Vol_scaler[1]_VolMeth=rv,10,999
2013-07-19,0.0,0.019999991828460583,0.010000049363703222,0.0,0.0,0.019999995232029416,0.0,0.019999994933869683,1,20260217_173630_gamma=10_sB=0.02_lB=0.02_Max_diff=0.05_VOL=Vol_scaler[1]_VolMeth=rv,10,999
2013-08-16,0.0,0.016474925410956433,0.006473015104519153,0.0,0.0,0.019999924902862214,0.0,0.019998075662126927,1,20260217_173630_gamma=10_sB=0.02_lB=0.02_Max_diff=0.05_VOL=Vol_scaler[1]_VolMeth=rv,10,999
2013-09-20,0.01786805489611991,0.0,0.0,1.2476727056631657e-06,0.0,0.006082275273922665,0.014823723349436076,0.0,1,20260217_173630_gamma=10_sB=0.02_lB=0.02_Max_diff=0.05_VOL=Vol_scaler[1]_VolMeth=rv,10,999
2013-10-18,0.00022227062706156828,0.0,0.01119541701836977,0.0,0.0,0.0005326879884812363,0.0052768031738067815,0.0,1,20260217_173630_gamma=10_sB=0.02_lB=0.02_Max_diff=0.05_VOL=Vol_scaler[1]_VolMeth=rv,10,999
2013-11-15,0.0,0.006102355192547327,0.0,0.012913911211582241,0.0,0.019999235715341887,0.0006205377293900795,0.0,1,20260217_173630_gamma=10_sB=0.02_lB=0.02_Max_diff=0.05_VOL=Vol_scaler[1]_VolMeth=rv,10,999
2013-12-20,0.01946510658781497,0.0,0.0,0.0,0.0,0.01891110467612227,0.003327875740036233,0.0,1,20260217_173630_gamma=10_sB=0.02_lB=0.02_Max_diff=0.05_VOL=Vol_scaler[1]_VolMeth=rv,10,999
2014-01-17,0.0,0.016355052815296686,0.0,0.013639000865578184,0.0,0.019999942524289913,0.0,0.0,1,20260217_173630_gamma=10_sB=0.02_lB=0.02_Max_diff=0.05_VOL=Vol_scaler[1]_VolMeth=rv,10,999
2014-02-21,0.0,0.01999899831021113,0.009999272887126018,0.0,0.0,0.019999972673609083,0.0,0.019999982926566767,1,20260217_173630_gamma=10_sB=0.02_lB=0.02_Max_diff=0.05_VOL=Vol_scaler[1]_VolMeth=rv,10,999
2014-03-21,0.0,0.01999908336677032,0.009984762114531509,0.0,0.0,0.01999997991490141,0.0,0.019985018173847922,1,20260217_173630_gamma=10_sB=0.02_lB=0.02_Max_diff=0.05_VOL=Vol_scaler[1]_VolMeth=rv,10,999
2014-04-17,0.0,0.019999647671882656,0.009999729760184274,0.0,0.0,0.01999999506574631,0.0,0.019999995997368073,1,20260217_173630_gamma=10_sB=0.02_lB=0.02_Max_diff=0.05_VOL=Vol_scaler[1]_VolMeth=rv,10,999
2014-05-16,0.0,0.014058107862980252,0.0,0.012641212174073857,0.0,0.019999986836379935,0.0,0.0033005775110205734,1,20260217_173630_gamma=10_sB=0.02_lB=0.02_Max_diff=0.05_VOL=Vol_scaler[1]_VolMeth=rv,10,999
2014-06-20,0.0,0.019985597506696214,0.009985681552110062,0.0,0.0,0.020000002198936554,0.0,0.01999999072445843,1,20260217_173630_gamma=10_sB=0.02_lB=0.02_Max_diff=0.05_VOL=Vol_scaler[1]_VolMeth=rv,10,999
2014-07-18,0.01999988173742776,0.0,0.0,0.013455465399775554,0.0,0.0029506141225351034,0.016197822461333385,0.0,1,20260217_173630_gamma=10_sB=0.02_lB=0.02_Max_diff=0.05_VOL=Vol_scaler[1]_VolMeth=rv,10,999
2014-08-15,0.0,0.019999971750508976,0.009999990142281385,0.0,0.0,0.019999975610987927,0.0,0.019999975610987923,1,20260217_173630_gamma=10_sB=0.02_lB=0.02_Max_diff=0.05_VOL=Vol_scaler[1]_VolMeth=rv,10,999
2014-09-19,0.010000002732369003,0.0,0.0,0.02,0.0,0.02,0.0,0.02,1,20260217_173630_gamma=10_sB=0.02_lB=0.02_Max_diff=0.05_VOL=Vol_scaler[1]_VolMeth=rv,10,999
2014-10-17,0.019999792552870068,0.0,0.0,0.00523770060150508,0.0,0.01300046626860595,0.01999987144241528,0.0,1,20260217_173630_gamma=10_sB=0.02_lB=0.02_Max_diff=0.05_VOL=Vol_scaler[1]_VolMeth=rv,10,999
2014-11-21,0.009643546730641226,0.0,0.0,0.0,0.0,0.014013392699804759,0.005583492331832847,0.0,1,20260217_173630_gamma=10_sB=0.02_lB=0.02_Max_diff=0.05_VOL=Vol_scaler[1]_VolMeth=rv,10,999
2014-12-19,0.0,0.006032126617649976,0.0,0.01999546350396532,0.0,0.019999903009464165,0.0,0.0003491896094829247,1,20260217_173630_gamma=10_sB=0.02_lB=0.02_Max_diff=0.05_VOL=Vol_scaler[1]_VolMeth=rv,10,999
2015-01-16,0.01999978175279877,0.0,0.0,0.0010499086942930445,0.0,0.006147289242835973,0.019999936882033515,0.0,1,20260217_173630_gamma=10_sB=0.02_lB=0.02_Max_diff=0.05_VOL=Vol_scaler[1]_VolMeth=rv,10,999
2015-02-20,0.010227448601553066,0.0,0.0,0.006510814751948578,0.0,0.011868243204834187,0.01129942833755893,0.0,1,20260217_173630_gamma=10_sB=0.02_lB=0.02_Max_diff=0.05_VOL=Vol_scaler[1]_VolMeth=rv,10,999
2015-03-20,0.01999988341208585,0.0,0.0,0.01602272543482668,0.0,0.005221304328227188,0.019766735469957795,0.0,1,20260217_173630_gamma=10_sB=0.02_lB=0.02_Max_diff=0.05_VOL=Vol_scaler[1]_VolMeth=rv,10,999
2015-04-17,0.0199999086943565,0.0,0.0,0.0025933702313484857,0.0,0.0012042576611140093,0.0199998223438193,0.0,1,20260217_173630_gamma=10_sB=0.02_lB=0.02_Max_diff=0.05_VOL=Vol_scaler[1]_VolMeth=rv,10,999
2015-05-15,0.0,0.019999881054313173,0.009999851755022639,0.0,0.0,0.019999965740373504,0.0,0.02,1,20260217_173630_gamma=10_sB=0.02_lB=0.02_Max_diff=0.05_VOL=Vol_scaler[1]_VolMeth=rv,10,999
2015-06-19,2.9829280845303636e-05,0.0,0.0,0.015644273852883875,0.0,0.019999815723947177,0.009800575237663312,0.0,1,20260217_173630_gamma=10_sB=0.02_lB=0.02_Max_diff=0.05_VOL=Vol_scaler[1]_VolMeth=rv,10,999
2015-07-17,0.009999883664678157,0.0,0.0,0.019999889183475183,0.0,0.01999999810634395,0.0,0.01999999810634395,1,20260217_173630_gamma=10_sB=0.02_lB=0.02_Max_diff=0.05_VOL=Vol_scaler[1]_VolMeth=rv,10,999
2015-08-21,0.019999950570341086,0.0,0.012572854433199861,0.0,0.012113155589324924,0.0,0.019999946881792376,0.0,1,20260217_173630_gamma=10_sB=0.02_lB=0.02_Max_diff=0.05_VOL=Vol_scaler[1]_VolMeth=rv,10,999
2015-09-18,0.01999898952337629,0.0,0.003964227996135774,0.0,0.0,0.0023757889167853436,0.019999592607266872,0.0,1,20260217_173630_gamma=10_sB=0.02_lB=0.02_Max_diff=0.05_VOL=Vol_scaler[1]_VolMeth=rv,10,999
2015-10-16,0.0,0.019544852737524192,0.0,0.005176360071998679,0.0,0.01999998342806874,0.0,0.005278761495526089,1,20260217_173630_gamma=10_sB=0.02_lB=0.02_Max_diff=0.05_VOL=Vol_scaler[1]_VolMeth=rv,10,999
2015-11-20,0.0,0.012329798286474968,0.0,0.006568190196059976,0.0,0.01999998157477398,0.0,0.011102247246589906,1,20260217_173630_gamma=10_sB=0.02_lB=0.02_Max_diff=0.05_VOL=Vol_scaler[1]_VolMeth=rv,10,999
2015-12-18,0.019999774230010627,0.0,0.004659835432520905,0.0,0.0053694196683237915,0.0,0.019999836435449874,0.0,1,20260217_173630_gamma=10_sB=0.02_lB=0.02_Max_diff=0.05_VOL=Vol_scaler[1]_VolMeth=rv,10,999
2016-01-15,0.019999908858567766,0.0,0.01058886272044724,0.0,0.0,3.950695638581445e-06,0.019999786437889754,0.0,1,20260217_173630_gamma=10_sB=0.02_lB=0.02_Max_diff=0.05_VOL=Vol_scaler[1]_VolMeth=rv,10,999
2016-02-19,0.0,0.02,0.009999998803862658,0.0,0.0,0.019999991804641702,0.0,0.02,1,20260217_173630_gamma=10_sB=0.02_lB=0.02_Max_diff=0.05_VOL=Vol_scaler[1]_VolMeth=rv,10,999
2016-03-18,0.0,0.004893305889492591,0.0,0.00966451568958799,0.0,0.019999237425967716,1.9279229245462367e-06,0.0,1,20260217_173630_gamma=10_sB=0.02_lB=0.02_Max_diff=0.05_VOL=Vol_scaler[1]_VolMeth=rv,10,999
2016-04-15,0.0,0.01999999992222193,0.010000000000551271,0.0,0.0,0.02,0.0,0.01999999997643374,1,20260217_173630_gamma=10_sB=0.02_lB=0.02_Max_diff=0.05_VOL=Vol_scaler[1]_VolMeth=rv,10,999
2016-05-20,0.0,0.0025759489898516956,0.0,0.019996839887832806,0.0,0.009150756890288578,0.012100646207765475,0.0,1,20260217_173630_gamma=10_sB=0.02_lB=0.02_Max_diff=0.05_VOL=Vol_scaler[1]_VolMeth=rv,10,999
2016-06-17,0.0,0.019999896194686964,0.007143531931305418,0.0,0.0,0.019999989734549493,0.0,0.01714312838934144,1,20260217_173630_gamma=10_sB=0.02_lB=0.02_Max_diff=0.05_VOL=Vol_scaler[1]_VolMeth=rv,10,999
2016-07-15,0.0,0.02,0.010000000977004356,0.0,0.0,0.02,0.0,0.02,1,20260217_173630_gamma=10_sB=0.02_lB=0.02_Max_diff=0.05_VOL=Vol_scaler[1]_VolMeth=rv,10,999
2016-08-19,0.0,0.01998614187522427,0.009986406663516181,0.0,0.0,0.01999999575169705,0.0,0.019999988420858344,1,20260217_173630_gamma=10_sB=0.02_lB=0.02_Max_diff=0.05_VOL=Vol_scaler[1]_VolMeth=rv,10,999
2016-09-16,0.0,0.019995726110550456,0.006026123662702057,0.0,0.0,0.019999947809314068,0.0,0.016030008127681298,1,20260217_173630_gamma=10_sB=0.02_lB=0.02_Max_diff=0.05_VOL=Vol_scaler[1]_VolMeth=rv,10,999
2016-10-21,0.0,0.019999776173875865,0.00999952457326483,0.0,0.0,0.01999987951379796,0.0,0.01999987951379796,1,20260217_173630_gamma=10_sB=0.02_lB=0.02_Max_diff=0.05_VOL=Vol_scaler[1]_VolMeth=rv,10,999
2016-11-18,0.0,0.016081964454642793,0.006082325323323076,0.0,0.0,0.019999985703898472,0.0,0.019999992201955384,1,20260217_173630_gamma=10_sB=0.02_lB=0.02_Max_diff=0.05_VOL=Vol_scaler[1]_VolMeth=rv,10,999
2016-12-16,0.0,0.0002146070330420437,0.0,0.00978621839565228,0.0,0.019999982642276325,0.0,0.019999959857000937,1,20260217_173630_gamma=10_sB=0.02_lB=0.02_Max_diff=0.05_VOL=Vol_scaler[1]_VolMeth=rv,10,999
2017-01-20,0.0,0.0049443499472978806,0.0,0.01090958653960868,0.0,0.019999650315954486,0.0,0.0,1,20260217_173630_gamma=10_sB=0.02_lB=0.02_Max_diff=0.05_VOL=Vol_scaler[1]_VolMeth=rv,10,999
2017-02-17,0.0,0.01686808275257376,0.006868128339847203,0.0,0.0,0.019999980760877806,0.0,0.01999997230678755,1,20260217_173630_gamma=10_sB=0.02_lB=0.02_Max_diff=0.05_VOL=Vol_scaler[1]_VolMeth=rv,10,999
2017-03-17,0.0,1.7070128143683922e-06,0.0,0.009998292977137039,0.0,0.019999999572313562,0.0,0.019999999572313562,1,20260217_173630_gamma=10_sB=0.02_lB=0.02_Max_diff=0.05_VOL=Vol_scaler[1]_VolMeth=rv,10,999
2017-04-21,0.0,0.014036927098413648,0.0,0.0004957956318315803,0.0,0.019999984484342336,0.0,0.015467586510536764,1,20260217_173630_gamma=10_sB=0.02_lB=0.02_Max_diff=0.05_VOL=Vol_scaler[1]_VolMeth=rv,10,999
2017-05-19,0.019999827979810647,0.0,0.0,0.019995811738392495,0.0,0.011865881239265411,0.018252613890738446,0.0,1,20260217_173630_gamma=10_sB=0.02_lB=0.02_Max_diff=0.05_VOL=Vol_scaler[1]_VolMeth=rv,10,999
2017-06-16,0.0,0.010000591882095287,0.0,0.0,0.0,0.01999999765449469,0.0,0.01999999765449469,1,20260217_173630_gamma=10_sB=0.02_lB=0.02_Max_diff=0.05_VOL=Vol_scaler[1]_VolMeth=rv,10,999
2017-07-21,0.0,0.01999999921658957,0.010000002240386286,0.0,0.0,0.01999999957256294,0.0,0.01999999957256294,1,20260217_173630_gamma=10_sB=0.02_lB=0.02_Max_diff=0.05_VOL=Vol_scaler[1]_VolMeth=rv,10,999
2017-08-18,0.0,0.019978869629297992,0.009979007603934477,0.0,0.0,0.019999985451961928,0.0,0.019999977307689168,1,20260217_173630_gamma=10_sB=0.02_lB=0.02_Max_diff=0.05_VOL=Vol_scaler[1]_VolMeth=rv,10,999
2017-09-15,0.0,0.019989638307178703,0.009989572350245108,0.0,0.0,0.019999994353218874,0.0,0.019999741545839864,1,20260217_173630_gamma=10_sB=0.02_lB=0.02_Max_diff=0.05_VOL=Vol_scaler[1]_VolMeth=rv,10,999
2017-10-20,0.019999910810405776,0.0,0.006277111295333413,0.0,0.0,0.010882446618418619,0.0084490290288769,0.0,1,20260217_173630_gamma=10_sB=0.02_lB=0.02_Max_diff=0.05_VOL=Vol_scaler[1]_VolMeth=rv,10,999
2017-11-17,0.0,0.01999931049386645,0.0,0.004578535120313692,0.0,0.019999987834856302,0.0,0.0054224648449136895,1,20260217_173630_gamma=10_sB=0.02_lB=0.02_Max_diff=0.05_VOL=Vol_scaler[1]_VolMeth=rv,10,999
2017-12-15,0.01999997829537161,0.0,0.004809539337494461,0.0,0.0,2.5266521119068628e-05,0.016076648248153247,0.0,1,20260217_173630_gamma=10_sB=0.02_lB=0.02_Max_diff=0.05_VOL=Vol_scaler[1]_VolMeth=rv,10,999
2018-01-19,0.012807494235324797,0.0,0.012226959445760589,0.0,0.0,0.019999981627084138,0.0011842352693788307,0.0,1,20260217_173630_gamma=10_sB=0.02_lB=0.02_Max_diff=0.05_VOL=Vol_scaler[1]_VolMeth=rv,10,999
2018-02-16,0.0,0.019999998988867885,0.010000013149717565,0.0,0.0,0.019999998878299965,0.0,0.019999998878299965,1,20260217_173630_gamma=10_sB=0.02_lB=0.02_Max_diff=0.05_VOL=Vol_scaler[1]_VolMeth=rv,10,999
2018-03-16,0.0,0.009984781197333582,0.0,1.537760018769025e-05,0.0,0.019999906578659514,0.0,0.019999896293940788,1,20260217_173630_gamma=10_sB=0.02_lB=0.02_Max_diff=0.05_VOL=Vol_scaler[1]_VolMeth=rv,10,999
2018-04-20,0.019999738476836858,0.0,0.0,0.010720263793017609,0.0,0.014363801245463478,0.019999592725467537,0.0,1,20260217_173630_gamma=10_sB=0.02_lB=0.02_Max_diff=0.05_VOL=Vol_scaler[1]_VolMeth=rv,10,999
2018-05-18,0.0,0.01999896010023694,0.009994788546065676,0.0,0.0,0.019999917501220297,0.0,0.019995075112554366,1,20260217_173630_gamma=10_sB=0.02_lB=0.02_Max_diff=0.05_VOL=Vol_scaler[1]_VolMeth=rv,10,999
2018-06-15,0.0,0.014685665795241934,0.0046856646973503,0.0,0.0,0.019999997912632322,0.0,0.019999997912632322,1,20260217_173630_gamma=10_sB=0.02_lB=0.02_Max_diff=0.05_VOL=Vol_scaler[1]_VolMeth=rv,10,999
2018-07-20,0.0,0.019999990535544427,0.00999999139779464,0.0,0.0,0.02,0.0,0.01999999560639194,1,20260217_173630_gamma=10_sB=0.02_lB=0.02_Max_diff=0.05_VOL=Vol_scaler[1]_VolMeth=rv,10,999
2018-08-17,0.0,0.01140214701633141,0.0,0.011845939009388417,0.0,0.01999999554408386,0.0,0.006751503454790472,1,20260217_173630_gamma=10_sB=0.02_lB=0.02_Max_diff=0.05_VOL=Vol_scaler[1]_VolMeth=rv,10,999
2018-09-21,0.009921274322728525,0.0,0.0,0.01992119373257548,0.0,0.019999988712413222,0.0,0.019999988712413222,1,20260217_173630_gamma=10_sB=0.02_lB=0.02_Max_diff=0.05_VOL=Vol_scaler[1]_VolMeth=rv,10,999
2018-10-19,0.009999958148528653,0.0,0.0,0.019999879713983613,0.0,0.019999987122693807,0.0,0.019999987122693814,1,20260217_173630_gamma=10_sB=0.02_lB=0.02_Max_diff=0.05_VOL=Vol_scaler[1]_VolMeth=rv,10,999
2018-11-16,0.0,0.00925882044810574,0.0,0.0007411978018532384,0.0,0.019999984342867396,0.0,0.019999990638545618,1,20260217_173630_gamma=10_sB=0.02_lB=0.02_Max_diff=0.05_VOL=Vol_scaler[1]_VolMeth=rv,10,999
2018-12-21,0.019996950195833942,0.0,0.0030324423044612403,0.0,0.0,0.005082433322405565,0.0199995706169795,0.0,1,20260217_173630_gamma=10_sB=0.02_lB=0.02_Max_diff=0.05_VOL=Vol_scaler[1]_VolMeth=rv,10,999
2019-01-18,0.019999388163449674,0.0,0.0,5.1719853154154375e-06,0.0,0.0018111605012589593,0.019999899733128112,0.0,1,20260217_173630_gamma=10_sB=0.02_lB=0.02_Max_diff=0.05_VOL=Vol_scaler[1]_VolMeth=rv,10,999
2019-02-15,0.01999785311790335,0.0,0.0,0.009546200396283571,0.0,0.004166870616392921,0.01999968823975272,0.0,1,20260217_173630_gamma=10_sB=0.02_lB=0.02_Max_diff=0.05_VOL=Vol_scaler[1]_VolMeth=rv,10,999
2019-03-15,0.013388536761812845,0.0,0.0,0.010082898775130408,0.0,0.019998920537207324,0.0031868670990491607,0.0,1,20260217_173630_gamma=10_sB=0.02_lB=0.02_Max_diff=0.05_VOL=Vol_scaler[1]_VolMeth=rv,10,999
2019-04-18,0.0,0.013234365547131593,0.003234188325842933,0.0,0.0,0.019999997784253303,0.0,0.0199999976731498,1,20260217_173630_gamma=10_sB=0.02_lB=0.02_Max_diff=0.05_VOL=Vol_scaler[1]_VolMeth=rv,10,999
2019-05-17,0.0,0.010635343726052963,0.0,0.019999728153304724,0.0,0.019999866674378714,0.0028828491470833995,0.0,1,20260217_173630_gamma=10_sB=0.02_lB=0.02_Max_diff=0.05_VOL=Vol_scaler[1]_VolMeth=rv,10,999
2019-06-21,0.0,0.0007522583974685469,0.0,0.009247801171828225,0.0,0.019999974236102818,0.0,0.019999974645633904,1,20260217_173630_gamma=10_sB=0.02_lB=0.02_Max_diff=0.05_VOL=Vol_scaler[1]_VolMeth=rv,10,999
2019-07-19,0.013232508957392431,0.0,0.0,0.0159111709676373,0.0,0.015148423225025805,0.01310249809563993,0.0,1,20260217_173630_gamma=10_sB=0.02_lB=0.02_Max_diff=0.05_VOL=Vol_scaler[1]_VolMeth=rv,10,999
2019-08-16,0.019999886206262748,0.0,0.0,0.0037151275683842003,0.0,0.00732203849465762,0.0199999664098447,0.0,1,20260217_173630_gamma=10_sB=0.02_lB=0.02_Max_diff=0.05_VOL=Vol_scaler[1]_VolMeth=rv,10,999
2019-09-20,0.0,0.010786437810490785,0.0,0.019999909482919905,0.0,0.01999994793761492,0.0043751385994506,0.0,1,20260217_173630_gamma=10_sB=0.02_lB=0.02_Max_diff=0.05_VOL=Vol_scaler[1]_VolMeth=rv,10,999
2019-10-18,0.0,0.009153671692413072,0.0,0.01773222883562468,0.0,0.019999946397549206,0.0,0.00311234765112663,1,20260217_173630_gamma=10_sB=0.02_lB=0.02_Max_diff=0.05_VOL=Vol_scaler[1]_VolMeth=rv,10,999
2019-11-15,0.019999753383347006,0.0,0.0,6.0890120032269244e-06,0.0,0.006408556938945799,0.014737054805965441,0.0,1,20260217_173630_gamma=10_sB=0.02_lB=0.02_Max_diff=0.05_VOL=Vol_scaler[1]_VolMeth=rv,10,999
2019-12-20,0.019999533770108453,0.0,0.0,0.0029751896299985052,0.0,0.018811238511233386,0.007794991496727075,0.0,1,20260217_173630_gamma=10_sB=0.02_lB=0.02_Max_diff=0.05_VOL=Vol_scaler[1]_VolMeth=rv,10,999
2020-01-17,0.0,0.01175962766679832,0.0,0.017629483191157792,0.0,0.019999970758173127,0.0,0.0006071389338935664,1,20260217_173630_gamma=10_sB=0.02_lB=0.02_Max_diff=0.05_VOL=Vol_scaler[1]_VolMeth=rv,10,999
2020-02-21,0.01999989281882923,0.0,0.0,0.010283289124304037,0.0,0.008275452410933434,0.019999982881537155,0.0,1,20260217_173630_gamma=10_sB=0.02_lB=0.02_Max_diff=0.05_VOL=Vol_scaler[1]_VolMeth=rv,10,999
2020-03-20,0.01237958384675646,0.0,0.007081711740913341,0.0,0.0,3.101808160692464e-06,0.019999608546720476,0.0,1,20260217_173630_gamma=10_sB=0.02_lB=0.02_Max_diff=0.05_VOL=Vol_scaler[1]_VolMeth=rv,10,999
2020-04-17,0.01999988238283774,0.0,0.0,0.0,0.0,0.0038428991200614325,0.019999939007795828,0.0,1,20260217_173630_gamma=10_sB=0.02_lB=0.02_Max_diff=0.05_VOL=Vol_scaler[1]_VolMeth=rv,10,999
2020-05-15,0.0,0.01999992458312313,0.009999782332169166,0.0,0.0,0.019999941855840055,0.0,0.019999959128433532,1,20260217_173630_gamma=10_sB=0.02_lB=0.02_Max_diff=0.05_VOL=Vol_scaler[1]_VolMeth=rv,10,999
2020-06-19,0.0,0.01999998419070636,0.009999843798434846,0.0,0.0,0.019999992236160873,0.0,0.01999988922175269,1,20260217_173630_gamma=10_sB=0.02_lB=0.02_Max_diff=0.05_VOL=Vol_scaler[1]_VolMeth=rv,10,999
2020-07-17,0.0,0.019999478638611005,0.009999440939321903,0.0,0.0,0.01999998308152749,0.0,0.019999984232251692,1,20260217_173630_gamma=10_sB=0.02_lB=0.02_Max_diff=0.05_VOL=Vol_scaler[1]_VolMeth=rv,10,999
2020-08-21,0.0,0.01998000960460736,0.009979829321944238,0.0,0.0,0.01999997928693676,0.0,0.01999994372674368,1,20260217_173630_gamma=10_sB=0.02_lB=0.02_Max_diff=0.05_VOL=Vol_scaler[1]_VolMeth=rv,10,999
2020-09-18,0.015037059662690592,0.0,0.0,0.0199953934565023,0.0,0.01796479292495752,0.01883051909198132,0.0,1,20260217_173630_gamma=10_sB=0.02_lB=0.02_Max_diff=0.05_VOL=Vol_scaler[1]_VolMeth=rv,10,999
2020-10-16,0.0,0.019999998939562946,0.010000033175049538,0.0,0.0,0.01999999893956295,0.0,0.01999999893956295,1,20260217_173630_gamma=10_sB=0.02_lB=0.02_Max_diff=0.05_VOL=Vol_scaler[1]_VolMeth=rv,10,999
2020-11-20,0.0,0.011249538803881146,0.0,0.009436463319228455,0.0,0.01999992346819584,0.0,0.0025375934620105894,1,20260217_173630_gamma=10_sB=0.02_lB=0.02_Max_diff=0.05_VOL=Vol_scaler[1]_VolMeth=rv,10,999
2020-12-18,0.0,0.014486469050778125,0.004486437506550993,0.0,0.0,0.01999998397732497,0.0,0.01999997894357659,1,20260217_173630_gamma=10_sB=0.02_lB=0.02_Max_diff=0.05_VOL=Vol_scaler[1]_VolMeth=rv,10,999
2021-01-15,0.0,0.014631087690149853,0.0,0.018447788400098832,0.0,0.01999997635519914,0.0030799121169788972,0.0,1,20260217_173630_gamma=10_sB=0.02_lB=0.02_Max_diff=0.05_VOL=Vol_scaler[1]_VolMeth=rv,10,999
2021-02-19,0.0,0.019981915208074703,0.009981876455383367,0.0,0.0,0.019999980263027944,0.0,0.019999979769310398,1,20260217_173630_gamma=10_sB=0.02_lB=0.02_Max_diff=0.05_VOL=Vol_scaler[1]_VolMeth=rv,10,999
2021-03-19,0.0,0.019999952925309858,0.010000615252919705,0.0,0.0,0.019999950373257747,0.0,0.019999950373257747,1,20260217_173630_gamma=10_sB=0.02_lB=0.02_Max_diff=0.05_VOL=Vol_scaler[1]_VolMeth=rv,10,999
2021-04-16,0.0,0.01999947470618018,0.00999825774114615,0.0,0.0,0.019999995094641457,0.0,0.019998550530020264,1,20260217_173630_gamma=10_sB=0.02_lB=0.02_Max_diff=0.05_VOL=Vol_scaler[1]_VolMeth=rv,10,999
2021-05-21,0.0,0.02,0.010000004175005099,0.0,0.0,0.02,0.0,0.02,1,20260217_173630_gamma=10_sB=0.02_lB=0.02_Max_diff=0.05_VOL=Vol_scaler[1]_VolMeth=rv,10,999
2021-06-17,0.009999991424830134,0.0,0.0,0.019999996352998428,0.0,0.019999998670156612,0.0,0.019999998670156616,1,20260217_173630_gamma=10_sB=0.02_lB=0.02_Max_diff=0.05_VOL=Vol_scaler[1]_VolMeth=rv,10,999
2021-07-16,0.009943401592483242,0.0,0.0,0.01999982626923254,0.0,0.019999825537422942,0.016604705633992776,0.0,1,20260217_173630_gamma=10_sB=0.02_lB=0.02_Max_diff=0.05_VOL=Vol_scaler[1]_VolMeth=rv,10,999
2021-08-20,0.019999880310345552,0.0,0.0,0.019994504979658937,0.0,0.019666130770334654,0.016194288771585907,0.0,1,20260217_173630_gamma=10_sB=0.02_lB=0.02_Max_diff=0.05_VOL=Vol_scaler[1]_VolMeth=rv,10,999
2021-09-17,0.018525901290986958,0.0,0.0,0.01999842795863278,0.0,0.019999749738829953,0.019999948273253684,0.0,1,20260217_173630_gamma=10_sB=0.02_lB=0.02_Max_diff=0.05_VOL=Vol_scaler[1]_VolMeth=rv,10,999
2021-10-15,0.014381718502936668,0.0,0.0,0.007403802409007647,0.0,0.019999784346022217,0.009378449683560596,0.0,1,20260217_173630_gamma=10_sB=0.02_lB=0.02_Max_diff=0.05_VOL=Vol_scaler[1]_VolMeth=rv,10,999
2021-11-19,0.0,0.0199982256021382,0.009998145102137548,0.0,0.0,0.019999962756259898,0.0,0.019999963511987268,1,20260217_173630_gamma=10_sB=0.02_lB=0.02_Max_diff=0.05_VOL=Vol_scaler[1]_VolMeth=rv,10,999
2021-12-17,0.01920531010472429,0.0,0.0,0.019996386688594926,0.0,0.019999896797026778,0.01999982066946503,0.0,1,20260217_173630_gamma=10_sB=0.02_lB=0.02_Max_diff=0.05_VOL=Vol_scaler[1]_VolMeth=rv,10,999
2022-01-21,0.019999397283648586,0.0,0.0030849719021583924,0.0,0.0,0.006644643220596712,0.019999914255254325,0.0,1,20260217_173630_gamma=10_sB=0.02_lB=0.02_Max_diff=0.05_VOL=Vol_scaler[1]_VolMeth=rv,10,999
2022-02-18,0.0,0.019125764598769707,0.009110529232671234,0.0,0.0,0.01999994795165,0.0,0.01998400385967881,1,20260217_173630_gamma=10_sB=0.02_lB=0.02_Max_diff=0.05_VOL=Vol_scaler[1]_VolMeth=rv,10,999
2022-03-18,0.019999939244902953,0.0,0.0,0.010110911365968948,0.0,0.016589650948502132,0.019999875560098586,0.0,1,20260217_173630_gamma=10_sB=0.02_lB=0.02_Max_diff=0.05_VOL=Vol_scaler[1]_VolMeth=rv,10,999
2022-04-14,0.01999982436683588,0.0,0.0,0.01218108852862214,0.0,0.017754689113937582,0.019999919540983926,0.0,1,20260217_173630_gamma=10_sB=0.02_lB=0.02_Max_diff=0.05_VOL=Vol_scaler[1]_VolMeth=rv,10,999
2022-05-20,0.010000000170807715,0.0,0.0,0.01999999992573148,0.0,0.02,0.0,0.01999999984911641,1,20260217_173630_gamma=10_sB=0.02_lB=0.02_Max_diff=0.05_VOL=Vol_scaler[1]_VolMeth=rv,10,999
2022-06-17,0.0,0.0199989550563498,0.009998943842525925,0.0,0.0,0.019999994341852036,0.0,0.019999994450586426,1,20260217_173630_gamma=10_sB=0.02_lB=0.02_Max_diff=0.05_VOL=Vol_scaler[1]_VolMeth=rv,10,999
2022-07-15,0.019999625315754572,0.0,0.003552128953262057,0.0,0.0,0.0038625843824133662,0.01999996676398481,0.0,1,20260217_173630_gamma=10_sB=0.02_lB=0.02_Max_diff=0.05_VOL=Vol_scaler[1]_VolMeth=rv,10,999
2022-08-19,0.01999873872631652,0.0,0.0030049224653795874,0.0,0.0,0.0027815946301402517,0.01999990840820475,0.0,1,20260217_173630_gamma=10_sB=0.02_lB=0.02_Max_diff=0.05_VOL=Vol_scaler[1]_VolMeth=rv,10,999
2022-09-16,0.0,0.0127596045815087,0.0027593583079067487,0.0,0.0,0.01999996740470993,0.0,0.019999793262421708,1,20260217_173630_gamma=10_sB=0.02_lB=0.02_Max_diff=0.05_VOL=Vol_scaler[1]_VolMeth=rv,10,999
2022-10-21,0.01901414453988539,0.0,0.005916697110965393,0.0,0.0,0.0,0.019999776215020727,0.0,1,20260217_173630_gamma=10_sB=0.02_lB=0.02_Max_diff=0.05_VOL=Vol_scaler[1]_VolMeth=rv,10,999
2022-11-18,0.0,0.012098529181301955,0.0020984819526473674,0.0,0.0,0.019999971800489413,0.0,0.019999980016005333,1,20260217_173630_gamma=10_sB=0.02_lB=0.02_Max_diff=0.05_VOL=Vol_scaler[1]_VolMeth=rv,10,999
2022-12-16,0.0,0.013033225807763128,0.0,0.01378407500544085,0.0,1.6115759594194226e-05,0.01410753175622429,0.0,1,20260217_173630_gamma=10_sB=0.02_lB=0.02_Max_diff=0.05_VOL=Vol_scaler[1]_VolMeth=rv,10,999
2023-01-20,0.012949470496405761,0.0,0.006627024486280506,0.0,0.006174065796662688,0.0,0.019999793113795822,0.0,1,20260217_173630_gamma=10_sB=0.02_lB=0.02_Max_diff=0.05_VOL=Vol_scaler[1]_VolMeth=rv,10,999
2023-02-17,0.0,0.019997339213372545,0.009997128528750364,0.0,0.0,0.019999989942094207,0.0,0.019999991202768835,1,20260217_173630_gamma=10_sB=0.02_lB=0.02_Max_diff=0.05_VOL=Vol_scaler[1]_VolMeth=rv,10,999
2023-03-17,0.008336296719846245,0.0,0.0,0.019999632166598568,0.0,0.019999582250392497,0.009265166146603958,0.0,1,20260217_173630_gamma=10_sB=0.02_lB=0.02_Max_diff=0.05_VOL=Vol_scaler[1]_VolMeth=rv,10,999
2023-04-21,0.010000008411118016,0.0,0.0,0.01999999106609269,0.0,0.01999999966081671,0.0,0.019999999660816715,1,20260217_173630_gamma=10_sB=0.02_lB=0.02_Max_diff=0.05_VOL=Vol_scaler[1]_VolMeth=rv,10,999
2023-05-19,0.0,0.019999985876527196,0.009999975271493777,0.0,0.0,0.0199999958697641,0.0,0.0199999958697641,1,20260217_173630_gamma=10_sB=0.02_lB=0.02_Max_diff=0.05_VOL=Vol_scaler[1]_VolMeth=rv,10,999
2023-06-16,0.0,0.0014369669199769438,0.0,0.008563353264473317,0.0,0.01999982937385777,0.0,0.019999862381007646,1,20260217_173630_gamma=10_sB=0.02_lB=0.02_Max_diff=0.05_VOL=Vol_scaler[1]_VolMeth=rv,10,999
2023-07-21,0.0,0.019999992940438287,0.009999993007149887,0.0,0.0,0.02,0.0,0.019999999465707765,1,20260217_173630_gamma=10_sB=0.02_lB=0.02_Max_diff=0.05_VOL=Vol_scaler[1]_VolMeth=rv,10,999
2023-08-18,0.0,0.01999999383294508,0.009999997943724734,0.0,0.0,0.02,0.0,0.01999999847166389,1,20260217_173630_gamma=10_sB=0.02_lB=0.02_Max_diff=0.05_VOL=Vol_scaler[1]_VolMeth=rv,10,999
2023-09-15,0.01999994819783809,0.0,0.0,0.0015908826006450416,0.0,0.0003529816497862046,0.01999995195943442,0.0,1,20260217_173630_gamma=10_sB=0.02_lB=0.02_Max_diff=0.05_VOL=Vol_scaler[1]_VolMeth=rv,10,999
2023-10-20,0.019976176326580032,0.0,0.0,0.0025285230973326428,0.0,0.010343662729448743,0.01999987015024512,0.0,1,20260217_173630_gamma=10_sB=0.02_lB=0.02_Max_diff=0.05_VOL=Vol_scaler[1]_VolMeth=rv,10,999
2023-11-17,0.0,0.019999590336204486,0.009999859255011264,0.0,0.0,0.01999999171801743,0.0,0.019999993567786516,1,20260217_173630_gamma=10_sB=0.02_lB=0.02_Max_diff=0.05_VOL=Vol_scaler[1]_VolMeth=rv,10,999
2023-12-15,0.009999931861883322,0.0,0.0,0.01999997009653729,0.0,0.01999998787168188,0.0,0.01999998787168188,1,20260217_173630_gamma=10_sB=0.02_lB=0.02_Max_diff=0.05_VOL=Vol_scaler[1]_VolMeth=rv,10,999
2024-01-19,0.01999962382282296,0.0,0.0,0.0012292612682998942,0.004449346940848219,0.0,0.019998740461106543,0.0,1,20260217_173630_gamma=10_sB=0.02_lB=0.02_Max_diff=0.05_VOL=Vol_scaler[1]_VolMeth=rv,10,999
2024-02-16,0.0,4.157672269852509e-06,0.005045556556675463,0.0,0.0,0.008484393601469865,0.0,0.008057317033889483,1,20260217_173630_gamma=10_sB=0.02_lB=0.02_Max_diff=0.05_VOL=Vol_scaler[1]_VolMeth=rv,10,999
2024-03-15,0.013366582916407119,0.0,0.0,0.0003331324557448527,0.0,0.013096526964912826,0.001319393468840644,0.0,1,20260217_173630_gamma=10_sB=0.02_lB=0.02_Max_diff=0.05_VOL=Vol_scaler[1]_VolMeth=rv,10,999
2024-04-19,0.0,2.6854628834423643e-06,0.0,0.01419321845274931,0.0,0.0034541604943165963,0.015114498388001538,0.0,1,20260217_173630_gamma=10_sB=0.02_lB=0.02_Max_diff=0.05_VOL=Vol_scaler[1]_VolMeth=rv,10,999
2024-05-17,0.0,0.009314738663938997,0.0,0.0006855646331448642,0.0,0.019999881361732582,0.0,0.019999879888658003,1,20260217_173630_gamma=10_sB=0.02_lB=0.02_Max_diff=0.05_VOL=Vol_scaler[1]_VolMeth=rv,10,999
2024-06-21,0.009998016892563064,0.0,0.0,0.01999785557047971,0.0,0.019999991923841783,0.0,0.01999999359970842,1,20260217_173630_gamma=10_sB=0.02_lB=0.02_Max_diff=0.05_VOL=Vol_scaler[1]_VolMeth=rv,10,999
2024-07-19,0.019999659825200824,0.0,0.0,0.014393122591390691,0.0,0.017881221939278078,0.013828556089935936,0.0,1,20260217_173630_gamma=10_sB=0.02_lB=0.02_Max_diff=0.05_VOL=Vol_scaler[1]_VolMeth=rv,10,999
2024-08-16,0.00997246087621423,0.0,0.0,0.01997251290763678,0.0,0.019999972491165263,0.0,0.01999997512576337,1,20260217_173630_gamma=10_sB=0.02_lB=0.02_Max_diff=0.05_VOL=Vol_scaler[1]_VolMeth=rv,10,999
2024-09-20,0.0,0.01994245231143718,0.009942342095903766,0.0,0.0,0.019999985237552448,0.0,0.019999986518530986,1,20260217_173630_gamma=10_sB=0.02_lB=0.02_Max_diff=0.05_VOL=Vol_scaler[1]_VolMeth=rv,10,999
2024-10-18,0.0,0.008827341357674991,0.0,0.0011766305118608381,0.0,0.019999985768647796,0.0,0.019997470555706796,1,20260217_173630_gamma=10_sB=0.02_lB=0.02_Max_diff=0.05_VOL=Vol_scaler[1]_VolMeth=rv,10,999
2024-11-15,0.019999827631182385,0.0,0.0026633175041156534,0.0,0.0,4.8943209801268964e-05,0.019999954498484827,0.0,1,20260217_173630_gamma=10_sB=0.02_lB=0.02_Max_diff=0.05_VOL=Vol_scaler[1]_VolMeth=rv,10,999
2024-12-20,0.019999873851642033,0.0,0.0,0.0036068896633044164,0.0,0.006736887554542667,0.019999957068866297,0.0,1,20260217_173630_gamma=10_sB=0.02_lB=0.02_Max_diff=0.05_VOL=Vol_scaler[1]_VolMeth=rv,10,999
2025-01-17,0.019999097623833534,0.0,0.0,1.4008521589932275e-06,0.0,0.005598217255835019,0.019998420675374703,0.0,1,20260217_173630_gamma=10_sB=0.02_lB=0.02_Max_diff=0.05_VOL=Vol_scaler[1]_VolMeth=rv,10,999
2025-02-21,0.019999873281664644,0.0,0.007939642186249164,0.0,0.007315276994940889,0.0,0.01999997828532692,0.0,1,20260217_173630_gamma=10_sB=0.02_lB=0.02_Max_diff=0.05_VOL=Vol_scaler[1]_VolMeth=rv,10,999
2025-03-21,0.0,0.01999994978760188,0.010000144909812596,0.0,0.0,0.01999999917081875,0.0,0.01999999917081875,1,20260217_173630_gamma=10_sB=0.02_lB=0.02_Max_diff=0.05_VOL=Vol_scaler[1]_VolMeth=rv,10,999
2025-04-17,0.0,0.01999996313437995,0.010000400137004555,0.0,0.0,0.019999988074048906,0.0,0.01999998860582341,1,20260217_173630_gamma=10_sB=0.02_lB=0.02_Max_diff=0.05_VOL=Vol_scaler[1]_VolMeth=rv,10,999
2025-05-16,0.01429119925795217,0.0,0.0,0.003291453862356448,0.0,0.019999836146842757,0.0,0.0,1,20260217_173630_gamma=10_sB=0.02_lB=0.02_Max_diff=0.05_VOL=Vol_scaler[1]_VolMeth=rv,10,999
2025-06-20,0.009982648602548128,0.0,0.0,0.01998271813254197,0.0,0.01999996419262343,0.0,0.01999996052324408,1,20260217_173630_gamma=10_sB=0.02_lB=0.02_Max_diff=0.05_VOL=Vol_scaler[1]_VolMeth=rv,10,999
2025-07-18,0.009999999502594482,0.0,0.0,0.01999998779578713,0.0,0.019999987084411634,0.0,0.019999987084411634,1,20260217_173630_gamma=10_sB=0.02_lB=0.02_Max_diff=0.05_VOL=Vol_scaler[1]_VolMeth=rv,10,999
2025-08-15,0.0,0.009940137553195325,0.0,6.0052083994595405e-05,0.0,0.01999996688040852,0.0,0.01999987403470084,1,20260217_173630_gamma=10_sB=0.02_lB=0.02_Max_diff=0.05_VOL=Vol_scaler[1]_VolMeth=rv,10,999
2025-09-19,0.010843434445881176,0.0,0.0,1.0299971288169925e-06,0.0,0.01999967887761768,0.0,0.0068195350097695045,1,20260217_173630_gamma=10_sB=0.02_lB=0.02_Max_diff=0.05_VOL=Vol_scaler[1]_VolMeth=rv,10,999
2025-10-17,0.0,0.011112928166814254,0.0011136192080121845,0.0,0.0,0.019999985803960795,0.0,0.01999888542305727,1,20260217_173630_gamma=10_sB=0.02_lB=0.02_Max_diff=0.05_VOL=Vol_scaler[1]_VolMeth=rv,10,999
2025-11-21,0.019999911979784506,0.0,0.0,0.019999777100232246,0.0,0.01796253355353782,0.01768334825173442,0.0,1,20260217_173630_gamma=10_sB=0.02_lB=0.02_Max_diff=0.05_VOL=Vol_scaler[1]_VolMeth=rv,10,999
2013-04-19,0.019999837718577544,0.0,0.0,0.0031205595342997366,0.00538716514984884,0.0,0.017717413932108638,0.0,5,20260217_173723_gamma=10_sB=0.02_lB=0.02_Max_diff=0.05_VOL=Vol_scaler[5]_VolMeth=rv,10,999
2013-05-17,0.008631886128729243,0.0,0.009876330094820853,0.0,0.0,0.0060596254759014475,0.004005572889673966,0.0,5,20260217_173723_gamma=10_sB=0.02_lB=0.02_Max_diff=0.05_VOL=Vol_scaler[5]_VolMeth=rv,10,999
2013-06-21,0.0179248821499655,0.0,0.0,0.0,0.0,0.0,0.01999997285210121,0.0,5,20260217_173723_gamma=10_sB=0.02_lB=0.02_Max_diff=0.05_VOL=Vol_scaler[5]_VolMeth=rv,10,999
2013-07-19,0.0,0.019998461626941133,0.004477167598961981,0.0,0.0,0.019999980370982703,0.0,0.014478625659876542,5,20260217_173723_gamma=10_sB=0.02_lB=0.02_Max_diff=0.05_VOL=Vol_scaler[5]_VolMeth=rv,10,999
2013-08-16,0.005936160017455205,0.0,0.0,0.01999390810551519,0.0,0.013273357194687715,0.01739364040562941,0.0,5,20260217_173723_gamma=10_sB=0.02_lB=0.02_Max_diff=0.05_VOL=Vol_scaler[5]_VolMeth=rv,10,999
2013-09-20,0.017634882156266112,0.0,0.0,0.0,0.0,0.0067616554453178825,0.014380560763634984,0.0,5,20260217_173723_gamma=10_sB=0.02_lB=0.02_Max_diff=0.05_VOL=Vol_scaler[5]_VolMeth=rv,10,999
2013-10-18,0.017729921117012083,0.0,0.019998378482475262,0.0,0.0,0.0005195871845511661,0.007330239442818347,0.0,5,20260217_173723_gamma=10_sB=0.02_lB=0.02_Max_diff=0.05_VOL=Vol_scaler[5]_VolMeth=rv,10,999
2013-11-15,0.0,0.0,0.0,0.007054301740931606,0.0,0.016291538507645132,0.002837217351239396,0.0,5,20260217_173723_gamma=10_sB=0.02_lB=0.02_Max_diff=0.05_VOL=Vol_scaler[5]_VolMeth=rv,10,999
2013-12-20,0.019999875027988705,0.0,0.0,0.0021088287154315735,0.0,0.0007723863806543861,0.01999975945221431,0.0,5,20260217_173723_gamma=10_sB=0.02_lB=0.02_Max_diff=0.05_VOL=Vol_scaler[5]_VolMeth=rv,10,999
2014-01-17,0.016378189380254753,0.0,0.0,1.1119536607288174e-06,0.0,0.006379074418679466,0.01521213991822382,0.0,5,20260217_173723_gamma=10_sB=0.02_lB=0.02_Max_diff=0.05_VOL=Vol_scaler[5]_VolMeth=rv,10,999
2014-02-21,0.0018187104025180298,0.0,0.0,0.006633346006963042,0.0,0.01901856386526531,0.000899728986921443,0.0,5,20260217_173723_gamma=10_sB=0.02_lB=0.02_Max_diff=0.05_VOL=Vol_scaler[5]_VolMeth=rv,10,999
2014-03-21,0.019698937713872315,0.0,0.0,0.0,0.0,0.014405453373560695,0.0110612518556851,0.0,5,20260217_173723_gamma=10_sB=0.02_lB=0.02_Max_diff=0.05_VOL=Vol_scaler[5]_VolMeth=rv,10,999
2014-04-17,0.0042772995773076245,0.0,0.0,0.014113413920349007,0.0,0.0026433409513637336,0.01999597651843786,0.0,5,20260217_173723_gamma=10_sB=0.02_lB=0.02_Max_diff=0.05_VOL=Vol_scaler[5]_VolMeth=rv,10,999
2014-05-16,0.009513841546546865,0.0,0.00117424795942426,0.0,0.0,0.009046931233353699,0.0037247348462339483,0.0,5,20260217_173723_gamma=10_sB=0.02_lB=0.02_Max_diff=0.05_VOL=Vol_scaler[5]_VolMeth=rv,10,999
2014-06-20,0.008263490058736913,0.0,1.140898071991028e-06,0.0,0.0,0.01999947839042018,0.0030351301831351074,0.0,5,20260217_173723_gamma=10_sB=0.02_lB=0.02_Max_diff=0.05_VOL=Vol_scaler[5]_VolMeth=rv,10,999
2014-07-18,0.019995625658189856,0.0,0.0,0.0060433600969655,0.0,0.00882640259494928,0.014061426707470468,0.0,5,20260217_173723_gamma=10_sB=0.02_lB=0.02_Max_diff=0.05_VOL=Vol_scaler[5]_VolMeth=rv,10,999
2014-08-15,0.0,0.012376350722870216,0.0,0.017875384147307216,0.0,0.019999984436522462,0.0002518297378278381,0.0,5,20260217_173723_gamma=10_sB=0.02_lB=0.02_Max_diff=0.05_VOL=Vol_scaler[5]_VolMeth=rv,10,999
2014-09-19,0.01475233151580566,0.0,2.1114850091636175e-05,0.0,0.0,0.01999878940905974,0.003051407109483353,0.0,5,20260217_173723_gamma=10_sB=0.02_lB=0.02_Max_diff=0.05_VOL=Vol_scaler[5]_VolMeth=rv,10,999
2014-10-17,0.011185806393761913,0.0,0.0,0.018153100319536274,0.0,0.019999668585941228,0.019999873815389316,0.0,5,20260217_173723_gamma=10_sB=0.02_lB=0.02_Max_diff=0.05_VOL=Vol_scaler[5]_VolMeth=rv,10,999
2014-11-21,0.0,0.014262477477590598,0.0,0.014958087449918422,0.0,0.01999987306985988,0.0,0.0006181141877272403,5,20260217_173723_gamma=10_sB=0.02_lB=0.02_Max_diff=0.05_VOL=Vol_scaler[5]_VolMeth=rv,10,999
2014-12-19,0.019999860691323104,0.0,2.712657389921307e-05,0.0,0.005812922619471214,0.0,0.019999867253781636,0.0,5,20260217_173723_gamma=10_sB=0.02_lB=0.02_Max_diff=0.05_VOL=Vol_scaler[5]_VolMeth=rv,10,999
2015-01-16,0.00906999247043343,0.0,0.0,0.019997242133724023,0.0,0.0199972564282162,0.017683594455238323,0.0,5,20260217_173723_gamma=10_sB=0.02_lB=0.02_Max_diff=0.05_VOL=Vol_scaler[5]_VolMeth=rv,10,999
2015-02-20,0.0,0.019997295316882956,0.0,0.0022981984244697952,0.0,0.019999993615832802,0.0,0.007704599830758401,5,20260217_173723_gamma=10_sB=0.02_lB=0.02_Max_diff=0.05_VOL=Vol_scaler[5]_VolMeth=rv,10,999
2015-03-20,0.01999990119277778,0.0,0.0,0.01637233320019091,0.0,0.003876516091494459,0.01999778438433371,0.0,5,20260217_173723_gamma=10_sB=0.02_lB=0.02_Max_diff=0.05_VOL=Vol_scaler[5]_VolMeth=rv,10,999
2015-04-17,0.01531985920844407,0.0,0.0,0.007138114268357554,0.0,0.018407821232345266,0.012855225945876524,0.0,5,20260217_173723_gamma=10_sB=0.02_lB=0.02_Max_diff=0.05_VOL=Vol_scaler[5]_VolMeth=rv,10,999
2015-05-15,0.004336290775204703,0.0,0.0,0.019998579914151927,0.0,0.019993605552773998,0.011434713330386596,0.0,5,20260217_173723_gamma=10_sB=0.02_lB=0.02_Max_diff=0.05_VOL=Vol_scaler[5]_VolMeth=rv,10,999
2015-06-19,0.015000393632159614,0.0,0.0,0.006851838664014825,0.0,0.01999856893591787,0.011719754520475602,0.0,5,20260217_173723_gamma=10_sB=0.02_lB=0.02_Max_diff=0.05_VOL=Vol_scaler[5]_VolMeth=rv,10,999
2015-07-17,0.019984510635714162,0.0,2.1001278232904673e-06,0.0,0.0,0.018366289110052836,0.007505932905720825,0.0,5,20260217_173723_gamma=10_sB=0.02_lB=0.02_Max_diff=0.05_VOL=Vol_scaler[5]_VolMeth=rv,10,999
2015-08-21,0.019998697383306667,0.0,0.0034792816053689974,0.0,0.0,0.0027293690069809173,0.019998649770356324,0.0,5,20260217_173723_gamma=10_sB=0.02_lB=0.02_Max_diff=0.05_VOL=Vol_scaler[5]_VolMeth=rv,10,999
2015-09-18,0.01999868747151899,0.0,0.0,0.010819622523735998,0.0,0.019904223775627217,0.01837863327320853,0.0,5,20260217_173723_gamma=10_sB=0.02_lB=0.02_Max_diff=0.05_VOL=Vol_scaler[5]_VolMeth=rv,10,999
2015-10-16,0.019999885288075878,0.0,0.0,0.01911274302393151,0.0,0.019054366178644522,0.019999940601459938,0.0,5,20260217_173723_gamma=10_sB=0.02_lB=0.02_Max_diff=0.05_VOL=Vol_scaler[5]_VolMeth=rv,10,999
2015-11-20,0.019998480050698413,0.0,0.0,0.01694279574796161,0.0,0.0054530885483298035,0.019999925769058152,0.0,5,20260217_173723_gamma=10_sB=0.02_lB=0.02_Max_diff=0.05_VOL=Vol_scaler[5]_VolMeth=rv,10,999
2015-12-18,0.019999825004233453,0.0,3.4865882368415597e-06,0.0,0.0,0.0022861194572095897,0.01999971116237358,0.0,5,20260217_173723_gamma=10_sB=0.02_lB=0.02_Max_diff=0.05_VOL=Vol_scaler[5]_VolMeth=rv,10,999
2016-01-15,0.019999338268265936,0.0,0.0017487165419799503,0.0,0.0,0.009699367923764584,0.0199986764591387,0.0,5,20260217_173723_gamma=10_sB=0.02_lB=0.02_Max_diff=0.05_VOL=Vol_scaler[5]_VolMeth=rv,10,999
2016-02-19,0.01999866470872218,0.0,0.0,0.004615151644859589,0.0,0.010284714438638511,0.019999855557279612,0.0,5,20260217_173723_gamma=10_sB=0.02_lB=0.02_Max_diff=0.05_VOL=Vol_scaler[5]_VolMeth=rv,10,999
2016-03-18,0.0,0.003873570404923463,0.0,0.008470462748256446,0.0,0.0199993651217788,3.3271952334626855e-06,0.0,5,20260217_173723_gamma=10_sB=0.02_lB=0.02_Max_diff=0.05_VOL=Vol_scaler[5]_VolMeth=rv,10,999
2016-04-15,0.01239840109983804,0.0,0.0,0.019999127401399537,0.0,0.019998033647230486,0.01255014582454035,0.0,5,20260217_173723_gamma=10_sB=0.02_lB=0.02_Max_diff=0.05_VOL=Vol_scaler[5]_VolMeth=rv,10,999
2016-05-20,0.0,0.0,0.0,0.019999024930026164,0.0,0.006236814411005446,0.016665638013306838,0.0,5,20260217_173723_gamma=10_sB=0.02_lB=0.02_Max_diff=0.05_VOL=Vol_scaler[5]_VolMeth=rv,10,999
2016-06-17,0.0,0.019998508217872517,0.0,0.00921866853784088,0.0,0.019999995267133117,0.0,0.0007829355405790861,5,20260217_173723_gamma=10_sB=0.02_lB=0.02_Max_diff=0.05_VOL=Vol_scaler[5]_VolMeth=rv,10,999
2016-07-15,0.0,0.017547103954060346,0.0,0.012435547031876383,0.0,0.019999984995786212,0.0,0.0,5,20260217_173723_gamma=10_sB=0.02_lB=0.02_Max_diff=0.05_VOL=Vol_scaler[5]_VolMeth=rv,10,999
2016-08-19,0.0,0.011300814861308444,0.0,0.01999108118904183,0.0,0.019999948638976674,0.0013016367191664852,0.0,5,20260217_173723_gamma=10_sB=0.02_lB=0.02_Max_diff=0.05_VOL=Vol_scaler[5]_VolMeth=rv,10,999
2016-09-16,0.0199997037703425,0.0,0.0,0.015953203934148973,0.0,0.00965221197062376,0.019999926457215284,0.0,5,20260217_173723_gamma=10_sB=0.02_lB=0.02_Max_diff=0.05_VOL=Vol_scaler[5]_VolMeth=rv,10,999
2016-10-21,0.0,0.019999167496512506,0.0,0.009871097804083417,0.0,0.019999990824599297,0.0,0.00012972056867205695,5,20260217_173723_gamma=10_sB=0.02_lB=0.02_Max_diff=0.05_VOL=Vol_scaler[5]_VolMeth=rv,10,999
2016-11-18,0.0,0.0074180089805520434,0.0,0.015789574147945313,0.0,0.019999282500307195,0.0007899111694750403,0.0,5,20260217_173723_gamma=10_sB=0.02_lB=0.02_Max_diff=0.05_VOL=Vol_scaler[5]_VolMeth=rv,10,999
2016-12-16,0.001119132063267373,0.0,0.0,0.007019926095904978,0.0,0.009984314597615236,0.005731374843192626,0.0,5,20260217_173723_gamma=10_sB=0.02_lB=0.02_Max_diff=0.05_VOL=Vol_scaler[5]_VolMeth=rv,10,999
2017-01-20,0.0,0.016661372162196274,0.0,0.010588714333325205,0.0,0.019999942435234834,0.0,0.0027487349759546687,5,20260217_173723_gamma=10_sB=0.02_lB=0.02_Max_diff=0.05_VOL=Vol_scaler[5]_VolMeth=rv,10,999
2017-02-17,0.007526338133138855,0.0,0.0001649191268671271,0.0,0.0,0.01699795736651871,0.0007344124912436855,0.0,5,20260217_173723_gamma=10_sB=0.02_lB=0.02_Max_diff=0.05_VOL=Vol_scaler[5]_VolMeth=rv,10,999
2017-03-17,0.009106277140562493,0.0,0.0,1.5054323915799813e-06,0.0,0.015191768971868502,0.0010964543753393602,0.0,5,20260217_173723_gamma=10_sB=0.02_lB=0.02_Max_diff=0.05_VOL=Vol_scaler[5]_VolMeth=rv,10,999
2017-04-21,0.009758289453444145,0.0,0.0,0.007858281413069108,0.0,0.019999578117691416,0.001849110904922364,0.0,5,20260217_173723_gamma=10_sB=0.02_lB=0.02_Max_diff=0.05_VOL=Vol_scaler[5]_VolMeth=rv,10,999
2017-05-19,0.019999935885616566,0.0,0.0,0.019996901206975455,0.0,0.002912987510844972,0.0199993882481768,0.0,5,20260217_173723_gamma=10_sB=0.02_lB=0.02_Max_diff=0.05_VOL=Vol_scaler[5]_VolMeth=rv,10,999
2017-06-16,0.0,0.018295731302222652,0.004834248480047413,0.0,0.0,0.019999989271677603,0.0,0.016538108824075463,5,20260217_173723_gamma=10_sB=0.02_lB=0.02_Max_diff=0.05_VOL=Vol_scaler[5]_VolMeth=rv,10,999
2017-07-21,0.0,0.019996463529626734,0.0,0.010001349758707506,0.0,0.01999999916775451,0.0,0.0,5,20260217_173723_gamma=10_sB=0.02_lB=0.02_Max_diff=0.05_VOL=Vol_scaler[5]_VolMeth=rv,10,999
2017-08-18,0.01999991938132623,0.0,0.0,0.019904737332185136,0.0,0.008499199221588366,0.01999962676476917,0.0,5,20260217_173723_gamma=10_sB=0.02_lB=0.02_Max_diff=0.05_VOL=Vol_scaler[5]_VolMeth=rv,10,999
2017-09-15,0.01999987456235462,0.0,0.0,1.4903462020224928e-06,0.0,0.01729254864182116,0.008552748788728304,0.0,5,20260217_173723_gamma=10_sB=0.02_lB=0.02_Max_diff=0.05_VOL=Vol_scaler[5]_VolMeth=rv,10,999
2017-10-20,0.0,0.015651075938890636,0.0,0.012762254969885279,0.0,0.01999999703558414,0.0,0.0015831050403175258,5,20260217_173723_gamma=10_sB=0.02_lB=0.02_Max_diff=0.05_VOL=Vol_scaler[5]_VolMeth=rv,10,999
2017-11-17,0.018656667209526374,0.0,0.0,3.6664086671086046e-05,0.0,0.019999924366480473,0.006905419503646274,0.0,5,20260217_173723_gamma=10_sB=0.02_lB=0.02_Max_diff=0.05_VOL=Vol_scaler[5]_VolMeth=rv,10,999
2017-12-15,0.01999978291201778,0.0,0.010994913971943097,0.0,0.0,0.01543304436903894,0.0021232470223753936,0.0,5,20260217_173723_gamma=10_sB=0.02_lB=0.02_Max_diff=0.05_VOL=Vol_scaler[5]_VolMeth=rv,10,999
2018-01-19,0.019999946864974614,0.0,0.018914554802296243,0.0,0.0,0.009633778086834617,0.003977674754959799,0.0,5,20260217_173723_gamma=10_sB=0.02_lB=0.02_Max_diff=0.05_VOL=Vol_scaler[5]_VolMeth=rv,10,999
2018-02-16,0.01999984294559294,0.0,4.3818400430593556e-05,0.0,0.0,0.012114286118514304,0.012449623921470298,0.0,5,20260217_173723_gamma=10_sB=0.02_lB=0.02_Max_diff=0.05_VOL=Vol_scaler[5]_VolMeth=rv,10,999
2018-03-16,0.0,0.010837929031183134,0.0,0.01026202079885967,0.0,0.01999997607317412,0.0,0.008900037435077451,5,20260217_173723_gamma=10_sB=0.02_lB=0.02_Max_diff=0.05_VOL=Vol_scaler[5]_VolMeth=rv,10,999
2018-04-20,0.019999565606956878,0.0,0.0,0.01564102622056153,0.0,0.019999581305084876,0.01999599503162923,0.0,5,20260217_173723_gamma=10_sB=0.02_lB=0.02_Max_diff=0.05_VOL=Vol_scaler[5]_VolMeth=rv,10,999
2018-05-18,0.0,0.012309874058023765,0.0,0.017685707516918996,0.0,0.019999928810910866,0.0,0.0,5,20260217_173723_gamma=10_sB=0.02_lB=0.02_Max_diff=0.05_VOL=Vol_scaler[5]_VolMeth=rv,10,999
2018-06-15,0.0,0.019688806107550333,0.009687735309731424,0.0,0.0,0.019999977683080462,0.0,0.019998899966837045,5,20260217_173723_gamma=10_sB=0.02_lB=0.02_Max_diff=0.05_VOL=Vol_scaler[5]_VolMeth=rv,10,999
2018-07-20,0.0,0.01999830923332447,0.0,0.004734644242335926,0.0,0.01999998821749147,0.0,0.005267004628469978,5,20260217_173723_gamma=10_sB=0.02_lB=0.02_Max_diff=0.05_VOL=Vol_scaler[5]_VolMeth=rv,10,999
2018-08-17,0.01999980351771815,0.0,0.0,0.017355322124042363,0.0,0.014381155842954164,0.01875215895325553,0.0,5,20260217_173723_gamma=10_sB=0.02_lB=0.02_Max_diff=0.05_VOL=Vol_scaler[5]_VolMeth=rv,10,999
2018-09-21,0.019999858206631818,0.0,0.00925944705005761,0.0,0.0,0.01271076343392883,0.00640104533226337,0.0,5,20260217_173723_gamma=10_sB=0.02_lB=0.02_Max_diff=0.05_VOL=Vol_scaler[5]_VolMeth=rv,10,999
2018-10-19,0.019999871355332835,0.0,0.0,0.0035154431229361895,0.0,0.0075939226896520684,0.01999997044018079,0.0,5,20260217_173723_gamma=10_sB=0.02_lB=0.02_Max_diff=0.05_VOL=Vol_scaler[5]_VolMeth=rv,10,999
2018-11-16,0.019998895991303785,0.0,0.0,0.01270737956721137,0.0,0.01426631782413007,0.019999309779062814,0.0,5,20260217_173723_gamma=10_sB=0.02_lB=0.02_Max_diff=0.05_VOL=Vol_scaler[5]_VolMeth=rv,10,999
2018-12-21,0.016020492468214773,0.0,0.0,0.005670322618229168,0.0,0.011849029710287336,0.019999173233300787,0.0,5,20260217_173723_gamma=10_sB=0.02_lB=0.02_Max_diff=0.05_VOL=Vol_scaler[5]_VolMeth=rv,10,999
2019-01-18,0.019999711694194244,0.0,0.0,0.009189657548677939,0.0,0.014849828101338837,0.01792996913096973,0.0,5,20260217_173723_gamma=10_sB=0.02_lB=0.02_Max_diff=0.05_VOL=Vol_scaler[5]_VolMeth=rv,10,999
2019-02-15,0.019998955798290707,0.0,0.0,0.01416893970623,0.0,0.014037495982962611,0.01632312630132636,0.0,5,20260217_173723_gamma=10_sB=0.02_lB=0.02_Max_diff=0.05_VOL=Vol_scaler[5]_VolMeth=rv,10,999
2019-03-15,0.019999914145324663,0.0,0.002755294452975063,0.0,0.0,0.00803605812958961,0.007443312581032728,0.0,5,20260217_173723_gamma=10_sB=0.02_lB=0.02_Max_diff=0.05_VOL=Vol_scaler[5]_VolMeth=rv,10,999
2019-04-18,0.0,0.019999534182089166,0.0028027534893937324,0.0,0.0,0.019999998129770612,0.0,0.012802419395148151,5,20260217_173723_gamma=10_sB=0.02_lB=0.02_Max_diff=0.05_VOL=Vol_scaler[5]_VolMeth=rv,10,999
2019-05-17,0.019999920110248297,0.0,0.0,0.0037494200057042134,0.0,0.0044365230700161885,0.019999970978798343,0.0,5,20260217_173723_gamma=10_sB=0.02_lB=0.02_Max_diff=0.05_VOL=Vol_scaler[5]_VolMeth=rv,10,999
2019-06-21,0.012762034854860205,0.0,0.008558687495196508,0.0,0.0,0.012616191708105472,0.0,0.0,5,20260217_173723_gamma=10_sB=0.02_lB=0.02_Max_diff=0.05_VOL=Vol_scaler[5]_VolMeth=rv,10,999
2019-07-19,0.0007923024420483449,0.0,0.0,0.019998720033883192,0.0,0.019143374080838358,0.007524010406813724,0.0,5,20260217_173723_gamma=10_sB=0.02_lB=0.02_Max_diff=0.05_VOL=Vol_scaler[5]_VolMeth=rv,10,999
2019-08-16,0.019999950806582272,0.0,0.0,0.0,0.0,0.001313314364296197,0.01999999027481606,0.0,5,20260217_173723_gamma=10_sB=0.02_lB=0.02_Max_diff=0.05_VOL=Vol_scaler[5]_VolMeth=rv,10,999
2019-09-20,0.0,0.019999783937612356,0.009999577520782225,0.0,0.0,0.019999991281568232,0.0,0.01999933943601319,5,20260217_173723_gamma=10_sB=0.02_lB=0.02_Max_diff=0.05_VOL=Vol_scaler[5]_VolMeth=rv,10,999
2019-10-18,0.004801791507534912,0.0,0.0,0.0199996719808044,0.0,0.019999668739803873,0.0063673478869670334,0.0,5,20260217_173723_gamma=10_sB=0.02_lB=0.02_Max_diff=0.05_VOL=Vol_scaler[5]_VolMeth=rv,10,999
2019-11-15,0.0,0.011169278854746507,0.0,0.0123038494695336,0.0,0.01999995212125385,0.0,0.006518556103176997,5,20260217_173723_gamma=10_sB=0.02_lB=0.02_Max_diff=0.05_VOL=Vol_scaler[5]_VolMeth=rv,10,999
2019-12-20,0.01272726061903498,0.0,0.0,0.008636659535003796,0.0,0.019999884443962987,0.005121184096485008,0.0,5,20260217_173723_gamma=10_sB=0.02_lB=0.02_Max_diff=0.05_VOL=Vol_scaler[5]_VolMeth=rv,10,999
2020-01-17,0.014366414719753166,0.0,0.0,0.012084813311941568,0.0,0.01999925889343243,0.009706409792689354,0.0,5,20260217_173723_gamma=10_sB=0.02_lB=0.02_Max_diff=0.05_VOL=Vol_scaler[5]_VolMeth=rv,10,999
2020-02-21,0.0012794080128882975,0.0,0.0,0.01999979416964984,0.0,0.01999980268762795,0.009035069594148725,0.0,5,20260217_173723_gamma=10_sB=0.02_lB=0.02_Max_diff=0.05_VOL=Vol_scaler[5]_VolMeth=rv,10,999
2020-03-20,0.019999784991564955,0.0,0.0199928588838016,0.0,0.012840901007557056,0.0,0.019999917161014256,0.0,5,20260217_173723_gamma=10_sB=0.02_lB=0.02_Max_diff=0.05_VOL=Vol_scaler[5]_VolMeth=rv,10,999
2020-04-17,0.019999850543506895,0.0,0.0,0.007314428206225879,0.0,0.013339782606798396,0.019999903963540722,0.0,5,20260217_173723_gamma=10_sB=0.02_lB=0.02_Max_diff=0.05_VOL=Vol_scaler[5]_VolMeth=rv,10,999
2020-05-15,0.0,0.0003533910560171661,0.0,0.019999727250673643,0.0,0.019998255601531695,0.016882998370196325,0.0,5,20260217_173723_gamma=10_sB=0.02_lB=0.02_Max_diff=0.05_VOL=Vol_scaler[5]_VolMeth=rv,10,999
2020-06-19,0.0,0.019999420637105483,0.0,0.015501906857008864,0.0,0.019999976889438612,0.00550189661221671,0.0,5,20260217_173723_gamma=10_sB=0.02_lB=0.02_Max_diff=0.05_VOL=Vol_scaler[5]_VolMeth=rv,10,999
2020-07-17,0.0,0.013521000034007186,0.0,0.019999707618087257,0.0,0.01999993933433955,0.003524125359109529,0.0,5,20260217_173723_gamma=10_sB=0.02_lB=0.02_Max_diff=0.05_VOL=Vol_scaler[5]_VolMeth=rv,10,999
2020-08-21,0.0,0.019997847929968622,0.009998053098212889,0.0,0.0,0.019999983368119888,0.0,0.019999988380054356,5,20260217_173723_gamma=10_sB=0.02_lB=0.02_Max_diff=0.05_VOL=Vol_scaler[5]_VolMeth=rv,10,999
2020-09-18,0.0017242147301673786,0.0,0.0,0.01999972039000936,0.0,0.019999324876681376,0.008767668924722628,0.0,5,20260217_173723_gamma=10_sB=0.02_lB=0.02_Max_diff=0.05_VOL=Vol_scaler[5]_VolMeth=rv,10,999
2020-10-16,0.0,0.019999878139700635,0.0,0.0032635900520656936,0.0,0.019999997731037774,0.0,0.006736505870651591,5,20260217_173723_gamma=10_sB=0.02_lB=0.02_Max_diff=0.05_VOL=Vol_scaler[5]_VolMeth=rv,10,999
2020-11-20,0.008495496271910636,0.0,0.0,2.4468913343332367e-06,0.0,0.01999956386959976,0.00638080966370354,0.0,5,20260217_173723_gamma=10_sB=0.02_lB=0.02_Max_diff=0.05_VOL=Vol_scaler[5]_VolMeth=rv,10,999
2020-12-18,0.0,0.003949392644876286,0.0,0.0199999209337504,0.0,0.01999989523515844,0.004881106270396107,0.0,5,20260217_173723_gamma=10_sB=0.02_lB=0.02_Max_diff=0.05_VOL=Vol_scaler[5]_VolMeth=rv,10,999
2021-01-15,0.0,0.019996729002168617,0.009996580654756606,0.0,0.0,0.01999998871934472,0.0,0.019999850332632078,5,20260217_173723_gamma=10_sB=0.02_lB=0.02_Max_diff=0.05_VOL=Vol_scaler[5]_VolMeth=rv,10,999
2021-02-19,0.0,0.01997978616372933,0.009979869617721602,0.0,0.0,0.01999998926438781,0.0,0.01999998555024648,5,20260217_173723_gamma=10_sB=0.02_lB=0.02_Max_diff=0.05_VOL=Vol_scaler[5]_VolMeth=rv,10,999
2021-03-19,0.0032763192563043373,0.0,0.0,0.019998851209445005,0.0,0.019999859769930003,0.0178076519561149,0.0,5,20260217_173723_gamma=10_sB=0.02_lB=0.02_Max_diff=0.05_VOL=Vol_scaler[5]_VolMeth=rv,10,999
2021-04-16,0.0,0.005903855231799186,0.0,0.014901138054466785,0.0,0.019999957434617827,0.004800807461833528,0.0,5,20260217_173723_gamma=10_sB=0.02_lB=0.02_Max_diff=0.05_VOL=Vol_scaler[5]_VolMeth=rv,10,999
2021-05-21,0.0,0.0017477902010624889,0.0,0.019999628436292223,0.0,0.019996003512115935,0.005756672103834997,0.0,5,20260217_173723_gamma=10_sB=0.02_lB=0.02_Max_diff=0.05_VOL=Vol_scaler[5]_VolMeth=rv,10,999
2021-06-17,0.0,0.019996988890561392,0.009997026074707835,0.0,0.0,0.019999983942554783,0.0,0.01999981087007322,5,20260217_173723_gamma=10_sB=0.02_lB=0.02_Max_diff=0.05_VOL=Vol_scaler[5]_VolMeth=rv,10,999
2021-07-16,0.0,0.01999919935752349,0.00311807676670947,0.0,0.0,0.01999997771525668,0.0,0.013119119950136674,5,20260217_173723_gamma=10_sB=0.02_lB=0.02_Max_diff=0.05_VOL=Vol_scaler[5]_VolMeth=rv,10,999
2021-08-20,0.014565572036540391,0.0,0.0,0.019999867715091373,0.0,0.01999975077561244,0.013452270577352531,0.0,5,20260217_173723_gamma=10_sB=0.02_lB=0.02_Max_diff=0.05_VOL=Vol_scaler[5]_VolMeth=rv,10,999
2021-09-17,0.0,0.005942457743789232,0.0,0.019999855366005785,0.0,0.0199996990018715,0.01033250576024588,0.0,5,20260217_173723_gamma=10_sB=0.02_lB=0.02_Max_diff=0.05_VOL=Vol_scaler[5]_VolMeth=rv,10,999
2021-10-15,0.019999915147532125,0.0,0.0,0.005801646817341827,0.0,0.018398024919144825,0.01220245534956313,0.0,5,20260217_173723_gamma=10_sB=0.02_lB=0.02_Max_diff=0.05_VOL=Vol_scaler[5]_VolMeth=rv,10,999
2021-11-19,0.0,0.019995345981557684,0.009995303540864227,0.0,0.0,0.019999988968960655,0.0,0.01999999204529839,5,20260217_173723_gamma=10_sB=0.02_lB=0.02_Max_diff=0.05_VOL=Vol_scaler[5]_VolMeth=rv,10,999
2021-12-17,0.019999933222947585,0.0,0.0,0.019997629175091472,0.0,0.01999888606771587,0.019999901806793553,0.0,5,20260217_173723_gamma=10_sB=0.02_lB=0.02_Max_diff=0.05_VOL=Vol_scaler[5]_VolMeth=rv,10,999
2022-01-21,0.016768144429439944,0.0,0.0,0.012083548953017088,0.0,0.01999925214275436,0.019999901672503713,0.0,5,20260217_173723_gamma=10_sB=0.02_lB=0.02_Max_diff=0.05_VOL=Vol_scaler[5]_VolMeth=rv,10,999
2022-02-18,0.010522673889634472,0.0,0.0,0.01999814052476201,0.0,0.019999803875892792,0.019999752597049617,0.0,5,20260217_173723_gamma=10_sB=0.02_lB=0.02_Max_diff=0.05_VOL=Vol_scaler[5]_VolMeth=rv,10,999
2022-03-18,0.019999883761073783,0.0,0.0,5.820224372175998e-06,0.0,0.00516306141795062,0.0199999265744504,0.0,5,20260217_173723_gamma=10_sB=0.02_lB=0.02_Max_diff=0.05_VOL=Vol_scaler[5]_VolMeth=rv,10,999
2022-04-14,0.014173674147633049,0.0,0.0,0.019996505061489464,0.0,0.019999519559446125,0.019999217380028356,0.0,5,20260217_173723_gamma=10_sB=0.02_lB=0.02_Max_diff=0.05_VOL=Vol_scaler[5]_VolMeth=rv,10,999
2022-05-20,0.019998685782915374,0.0,0.008044679806319061,0.0,0.0,0.002608349300375139,0.019999774855153446,0.0,5,20260217_173723_gamma=10_sB=0.02_lB=0.02_Max_diff=0.05_VOL=Vol_scaler[5]_VolMeth=rv,10,999
2022-06-17,0.01052760562971,0.0,0.011395233126063836,0.0,0.010226478135181719,0.0,0.01999969697943888,0.0,5,20260217_173723_gamma=10_sB=0.02_lB=0.02_Max_diff=0.05_VOL=Vol_scaler[5]_VolMeth=rv,10,999
2022-07-15,0.00383262231973589,0.0,0.0,0.01999977630754014,0.0,0.019999890174296344,0.014086528547453566,0.0,5,20260217_173723_gamma=10_sB=0.02_lB=0.02_Max_diff=0.05_VOL=Vol_scaler[5]_VolMeth=rv,10,999
2022-08-19,0.0,0.0,0.0,0.008693114858103932,0.0,0.01631700958156354,0.0,0.0,5,20260217_173723_gamma=10_sB=0.02_lB=0.02_Max_diff=0.05_VOL=Vol_scaler[5]_VolMeth=rv,10,999
2022-09-16,0.019987706575244457,0.0,0.0,0.0002241577623598532,0.0,0.004899271196022866,0.0199998334896771,0.0,5,20260217_173723_gamma=10_sB=0.02_lB=0.02_Max_diff=0.05_VOL=Vol_scaler[5]_VolMeth=rv,10,999
2022-10-21,0.004784672355743342,0.0,0.0,0.007206037647689951,0.0,4.6020521709560816e-05,0.01999769780129965,0.0,5,20260217_173723_gamma=10_sB=0.02_lB=0.02_Max_diff=0.05_VOL=Vol_scaler[5]_VolMeth=rv,10,999
2022-11-18,0.0,0.010583105435533107,0.0,0.0068154997747476775,0.0,0.019993523159046064,0.0,0.012605924582204383,5,20260217_173723_gamma=10_sB=0.02_lB=0.02_Max_diff=0.05_VOL=Vol_scaler[5]_VolMeth=rv,10,999
2022-12-16,0.0,0.0,0.0,0.005300566833624087,0.0014494033586356008,0.0,0.019999749909524772,0.0,5,20260217_173723_gamma=10_sB=0.02_lB=0.02_Max_diff=0.05_VOL=Vol_scaler[5]_VolMeth=rv,10,999
2023-01-20,0.0017076560934491522,0.0,0.0,0.008287721518544242,0.0,6.53520206932731e-06,0.01999975498982854,0.0,5,20260217_173723_gamma=10_sB=0.02_lB=0.02_Max_diff=0.05_VOL=Vol_scaler[5]_VolMeth=rv,10,999
2023-02-17,0.009159742008730222,0.0,0.0,0.014952992727606881,0.0,0.018099178646038726,0.010677659030144736,0.0,5,20260217_173723_gamma=10_sB=0.02_lB=0.02_Max_diff=0.05_VOL=Vol_scaler[5]_VolMeth=rv,10,999
2023-03-17,0.015436724521713312,0.0,0.0,0.019999567752211275,0.0,0.01999951970461041,0.016084880099554794,0.0,5,20260217_173723_gamma=10_sB=0.02_lB=0.02_Max_diff=0.05_VOL=Vol_scaler[5]_VolMeth=rv,10,999
2023-04-21,0.0,0.004927479742685549,0.0,0.005072579018984559,0.0,0.019999961194716278,0.0,0.01999998648593352,5,20260217_173723_gamma=10_sB=0.02_lB=0.02_Max_diff=0.05_VOL=Vol_scaler[5]_VolMeth=rv,10,999
2023-05-19,0.019958743897311455,0.0,0.0,0.014346425082902455,0.0,0.01698787209693555,0.013785892637313448,0.0,5,20260217_173723_gamma=10_sB=0.02_lB=0.02_Max_diff=0.05_VOL=Vol_scaler[5]_VolMeth=rv,10,999
2023-06-16,0.0199938181069015,0.0,0.0,0.006356646121931625,0.0,0.010406599254896539,0.013924877723572225,0.0,5,20260217_173723_gamma=10_sB=0.02_lB=0.02_Max_diff=0.05_VOL=Vol_scaler[5]_VolMeth=rv,10,999
2023-07-21,0.0,0.0005890557968108869,0.0,0.006964208427360094,0.0,0.009521332582079059,0.0,0.0,5,20260217_173723_gamma=10_sB=0.02_lB=0.02_Max_diff=0.05_VOL=Vol_scaler[5]_VolMeth=rv,10,999
2023-08-18,0.019999702372317362,0.0,0.0,0.019110140034287997,0.0,0.01999776099181814,0.013441537298800887,0.0,5,20260217_173723_gamma=10_sB=0.02_lB=0.02_Max_diff=0.05_VOL=Vol_scaler[5]_VolMeth=rv,10,999
2023-09-15,0.019999771967214246,0.0,0.0,0.019913249380811182,0.0,0.011074290066450162,0.01999962173118474,0.0,5,20260217_173723_gamma=10_sB=0.02_lB=0.02_Max_diff=0.05_VOL=Vol_scaler[5]_VolMeth=rv,10,999
2023-10-20,0.019869770218714892,0.0,0.0,0.013166192212641729,0.0,0.019998032936466514,0.01999980199719853,0.0,5,20260217_173723_gamma=10_sB=0.02_lB=0.02_Max_diff=0.05_VOL=Vol_scaler[5]_VolMeth=rv,10,999
2023-11-17,0.019999881849595422,0.0,0.00878315442695584,0.0,0.0,0.004045750489195467,0.012073428801086677,0.0,5,20260217_173723_gamma=10_sB=0.02_lB=0.02_Max_diff=0.05_VOL=Vol_scaler[5]_VolMeth=rv,10,999
2023-12-15,0.018852936125308112,0.0,0.014025097920573909,0.0,0.0,0.009374647006625459,0.0027291665824147014,0.0,5,20260217_173723_gamma=10_sB=0.02_lB=0.02_Max_diff=0.05_VOL=Vol_scaler[5]_VolMeth=rv,10,999
2024-01-19,0.019992383317873577,0.0,0.0,3.817835975676446e-06,0.0,0.00539393029743151,0.010340707061279993,0.0,5,20260217_173723_gamma=10_sB=0.02_lB=0.02_Max_diff=0.05_VOL=Vol_scaler[5]_VolMeth=rv,10,999
2024-02-16,0.019999231512574458,0.0,0.019999250825454375,0.0,0.0,0.0027775417085073484,0.006952481486095591,0.0,5,20260217_173723_gamma=10_sB=0.02_lB=0.02_Max_diff=0.05_VOL=Vol_scaler[5]_VolMeth=rv,10,999
2024-03-15,0.007794106499400198,0.0,0.0,0.006489503944666123,0.0,0.013208943423754883,0.0,0.0,5,20260217_173723_gamma=10_sB=0.02_lB=0.02_Max_diff=0.05_VOL=Vol_scaler[5]_VolMeth=rv,10,999
2024-04-19,0.0,0.003305397980838654,0.0,0.011624452931549347,0.0,0.008439036598599754,0.00420738091884311,0.0,5,20260217_173723_gamma=10_sB=0.02_lB=0.02_Max_diff=0.05_VOL=Vol_scaler[5]_VolMeth=rv,10,999
2024-05-17,0.01960154042358978,0.0,0.010003980322851215,0.0,0.0,0.012006120981460968,0.0,0.0,5,20260217_173723_gamma=10_sB=0.02_lB=0.02_Max_diff=0.05_VOL=Vol_scaler[5]_VolMeth=rv,10,999
2024-06-21,0.0,0.003705908283887254,0.0,0.018836004332670638,0.0,0.013070264996473912,0.0,0.014384417631597986,5,20260217_173723_gamma=10_sB=0.02_lB=0.02_Max_diff=0.05_VOL=Vol_scaler[5]_VolMeth=rv,10,999
2024-07-19,0.019999248222688386,0.0,0.0,0.015016327035254184,0.0,0.011781559615312083,0.019999030197743087,0.0,5,20260217_173723_gamma=10_sB=0.02_lB=0.02_Max_diff=0.05_VOL=Vol_scaler[5]_VolMeth=rv,10,999
2024-08-16,0.019999439442538968,0.0,0.0,0.0010673011663511925,0.0,0.00444099939098844,0.019999328136909897,0.0,5,20260217_173723_gamma=10_sB=0.02_lB=0.02_Max_diff=0.05_VOL=Vol_scaler[5]_VolMeth=rv,10,999
2024-09-20,0.019999553640791683,0.0,0.0,0.009807525320107214,0.0,0.013138900801905093,0.019049807862442383,0.0,5,20260217_173723_gamma=10_sB=0.02_lB=0.02_Max_diff=0.05_VOL=Vol_scaler[5]_VolMeth=rv,10,999
2024-10-18,0.0,0.0003295153448181089,0.0,0.017052674739225542,0.0,0.019999605685188996,0.0,0.0,5,20260217_173723_gamma=10_sB=0.02_lB=0.02_Max_diff=0.05_VOL=Vol_scaler[5]_VolMeth=rv,10,999
2024-11-15,0.011342344009378294,0.0,0.0,0.019999663116147554,0.0,0.01999983792530063,0.010326122978928522,0.0,5,20260217_173723_gamma=10_sB=0.02_lB=0.02_Max_diff=0.05_VOL=Vol_scaler[5]_VolMeth=rv,10,999
2024-12-20,0.019999843574646514,0.0,0.0043567395549987484,0.0,0.0,3.375815950411672e-05,0.019999939875311817,0.0,5,20260217_173723_gamma=10_sB=0.02_lB=0.02_Max_diff=0.05_VOL=Vol_scaler[5]_VolMeth=rv,10,999
2025-01-17,0.019999364187609815,0.0,8.651191145596239e-06,0.0,0.0,0.0070994882265428836,0.019194425762212218,0.0,5,20260217_173723_gamma=10_sB=0.02_lB=0.02_Max_diff=0.05_VOL=Vol_scaler[5]_VolMeth=rv,10,999
2025-02-21,0.019999784588741378,0.0,0.0,0.019989928803568598,0.0,0.014825651439710267,0.019999170441159862,0.0,5,20260217_173723_gamma=10_sB=0.02_lB=0.02_Max_diff=0.05_VOL=Vol_scaler[5]_VolMeth=rv,10,999
2025-03-21,0.0069102010513053085,0.0,0.0,0.019999772873001583,0.0,0.019999764570344893,0.008442005623830564,0.0,5,20260217_173723_gamma=10_sB=0.02_lB=0.02_Max_diff=0.05_VOL=Vol_scaler[5]_VolMeth=rv,10,999
2025-04-17,0.016376182216607634,0.0,0.0,0.017576281423213238,0.0,0.019996070306122788,0.01999931897072626,0.0,5,20260217_173723_gamma=10_sB=0.02_lB=0.02_Max_diff=0.05_VOL=Vol_scaler[5]_VolMeth=rv,10,999
2025-05-16,0.0199999282273463,0.0,0.003002255034535445,0.0,0.001349427615540425,0.0,0.019999949595126874,0.0,5,20260217_173723_gamma=10_sB=0.02_lB=0.02_Max_diff=0.05_VOL=Vol_scaler[5]_VolMeth=rv,10,999
2025-06-20,0.017323632124625166,0.0,0.0,0.01999960249723589,0.0,0.01999964570780235,0.01619523057334552,0.0,5,20260217_173723_gamma=10_sB=0.02_lB=0.02_Max_diff=0.05_VOL=Vol_scaler[5]_VolMeth=rv,10,999
2025-07-18,0.0,0.0,0.0,0.009999988442068116,0.0,0.01999999403756369,0.0,0.019999855479861984,5,20260217_173723_gamma=10_sB=0.02_lB=0.02_Max_diff=0.05_VOL=Vol_scaler[5]_VolMeth=rv,10,999
2025-08-15,0.0,0.004427934037417005,0.0,0.019991697769612647,0.0,0.019999971467470866,0.004504824294792975,0.0,5,20260217_173723_gamma=10_sB=0.02_lB=0.02_Max_diff=0.05_VOL=Vol_scaler[5]_VolMeth=rv,10,999
2025-09-19,0.0,0.004966459325253136,0.0,0.00503431131396417,0.0,0.019999767412557774,0.0,0.019999367483718476,5,20260217_173723_gamma=10_sB=0.02_lB=0.02_Max_diff=0.05_VOL=Vol_scaler[5]_VolMeth=rv,10,999
2025-10-17,0.009743505357460101,0.0,0.0,0.01999952506916555,0.0,0.01999993487884306,0.012541694213246161,0.0,5,20260217_173723_gamma=10_sB=0.02_lB=0.02_Max_diff=0.05_VOL=Vol_scaler[5]_VolMeth=rv,10,999
2025-11-21,0.01999986297136732,0.0,0.0,0.01999949588501276,0.0,0.016716128259250927,0.019042110786247086,0.0,5,20260217_173723_gamma=10_sB=0.02_lB=0.02_Max_diff=0.05_VOL=Vol_scaler[5]_VolMeth=rv,10,999
2013-04-19,0.019999803998829172,0.0,0.0,0.0,6.497826847820599e-06,0.0,0.015015885576800284,0.0,10,20260217_173815_gamma=10_sB=0.02_lB=0.02_Max_diff=0.05_VOL=Vol_scaler[10]_VolMeth=rv,10,999
2013-05-17,0.0,0.0,0.004648497519234743,0.0,0.0,0.008927756185583492,1.7068457155806265e-06,0.0,10,20260217_173815_gamma=10_sB=0.02_lB=0.02_Max_diff=0.05_VOL=Vol_scaler[10]_VolMeth=rv,10,999
2013-06-21,0.011224166337055103,0.0,0.0,0.0029693033394368944,0.0,0.0,0.01999984482030739,0.0,10,20260217_173815_gamma=10_sB=0.02_lB=0.02_Max_diff=0.05_VOL=Vol_scaler[10]_VolMeth=rv,10,999
2013-07-19,1.9883790979433565e-06,0.0,0.0011287769104340363,0.0,0.0,0.005750963165157368,0.006399233681081763,0.0,10,20260217_173815_gamma=10_sB=0.02_lB=0.02_Max_diff=0.05_VOL=Vol_scaler[10]_VolMeth=rv,10,999
2013-08-16,0.0,0.0010594704247152728,0.0,0.019792204816374958,0.0,0.019999375932427073,0.008363643826352869,0.0,10,20260217_173815_gamma=10_sB=0.02_lB=0.02_Max_diff=0.05_VOL=Vol_scaler[10]_VolMeth=rv,10,999
2013-09-20,0.01684590644742679,0.0,0.0,0.0,0.0,0.009598347464131757,0.012462424149247612,0.0,10,20260217_173815_gamma=10_sB=0.02_lB=0.02_Max_diff=0.05_VOL=Vol_scaler[10]_VolMeth=rv,10,999
2013-10-18,0.01999980448895592,0.0,0.016960538495913603,0.0,0.002749175847473953,0.0,0.010771084883234161,0.0,10,20260217_173815_gamma=10_sB=0.02_lB=0.02_Max_diff=0.05_VOL=Vol_scaler[10]_VolMeth=rv,10,999
2013-11-15,0.0030096298188769365,0.0,0.0,0.0017962670408562308,0.0,0.0,0.011718702595147932,0.0,10,20260217_173815_gamma=10_sB=0.02_lB=0.02_Max_diff=0.05_VOL=Vol_scaler[10]_VolMeth=rv,10,999
2013-12-20,0.019999915655651755,0.0,0.0,0.004220124982977396,0.0,0.005600297075554415,0.018884439527760536,0.0,10,20260217_173815_gamma=10_sB=0.02_lB=0.02_Max_diff=0.05_VOL=Vol_scaler[10]_VolMeth=rv,10,999
2014-01-17,0.01096045910202037,0.0,0.0,0.0,0.0,0.013778377847304778,0.009119754437327186,0.0,10,20260217_173815_gamma=10_sB=0.02_lB=0.02_Max_diff=0.05_VOL=Vol_scaler[10]_VolMeth=rv,10,999
2014-02-21,0.01847420922713268,0.0,1.1302888836663428e-06,0.0,0.0,0.015546804649728053,0.006919791848670452,0.0,10,20260217_173815_gamma=10_sB=0.02_lB=0.02_Max_diff=0.05_VOL=Vol_scaler[10]_VolMeth=rv,10,999
2014-03-21,0.01894474133481682,0.0,0.0,0.0,0.0,0.016647040074122023,0.009092919536671129,0.0,10,20260217_173815_gamma=10_sB=0.02_lB=0.02_Max_diff=0.05_VOL=Vol_scaler[10]_VolMeth=rv,10,999
2014-04-17,0.01936793392439218,0.0,0.0,0.004811788686183335,0.0,0.0005775506508859324,0.01999993928765297,0.0,10,20260217_173815_gamma=10_sB=0.02_lB=0.02_Max_diff=0.05_VOL=Vol_scaler[10]_VolMeth=rv,10,999
2014-05-16,0.009822018928428456,0.0,0.0,0.0,0.0,0.015057366795363715,0.002334264251562324,0.0,10,20260217_173815_gamma=10_sB=0.02_lB=0.02_Max_diff=0.05_VOL=Vol_scaler[10]_VolMeth=rv,10,999
2014-06-20,0.009784132098687188,0.0,0.0,0.0,0.0,0.019998227059060694,0.0034430682520637953,0.0,10,20260217_173815_gamma=10_sB=0.02_lB=0.02_Max_diff=0.05_VOL=Vol_scaler[10]_VolMeth=rv,10,999
2014-07-18,0.019984122493364995,0.0,0.0,2.2330890897722122e-05,0.0,0.013565444008225317,0.010196967082978264,0.0,10,20260217_173815_gamma=10_sB=0.02_lB=0.02_Max_diff=0.05_VOL=Vol_scaler[10]_VolMeth=rv,10,999
2014-08-15,0.019999752004319273,0.0,7.466807440196034e-06,0.0,0.0,0.019997881008019296,0.0021446362846761465,0.0,10,20260217_173815_gamma=10_sB=0.02_lB=0.02_Max_diff=0.05_VOL=Vol_scaler[10]_VolMeth=rv,10,999
2014-09-19,0.01999875580386976,0.0,0.0015639093669603606,0.0,0.0,0.019699378796198173,0.0038623063381803173,0.0,10,20260217_173815_gamma=10_sB=0.02_lB=0.02_Max_diff=0.05_VOL=Vol_scaler[10]_VolMeth=rv,10,999
2014-10-17,0.019999783003596738,0.0,0.0,0.0055536809680563235,0.0,0.013427207903405826,0.01999993037458676,0.0,10,20260217_173815_gamma=10_sB=0.02_lB=0.02_Max_diff=0.05_VOL=Vol_scaler[10]_VolMeth=rv,10,999
2014-11-21,0.0,0.01999997417888036,0.007101441872714263,0.0,0.0,0.019999990012361246,0.0,0.017101059304606838,10,20260217_173815_gamma=10_sB=0.02_lB=0.02_Max_diff=0.05_VOL=Vol_scaler[10]_VolMeth=rv,10,999
2014-12-19,0.01999992473030515,0.0,0.0,0.0011310461721445834,0.0028537955159438806,0.0,0.01999994085619708,0.0,10,20260217_173815_gamma=10_sB=0.02_lB=0.02_Max_diff=0.05_VOL=Vol_scaler[10]_VolMeth=rv,10,999
2015-01-16,0.01999836264180724,0.0,0.0,0.006903489702343215,0.0,0.01274552507613276,0.019999963159598073,0.0,10,20260217_173815_gamma=10_sB=0.02_lB=0.02_Max_diff=0.05_VOL=Vol_scaler[10]_VolMeth=rv,10,999
2015-02-20,0.001176106020251114,0.0,0.0,0.013147195609498613,0.0,0.013538083038055908,0.009245944942964466,0.0,10,20260217_173815_gamma=10_sB=0.02_lB=0.02_Max_diff=0.05_VOL=Vol_scaler[10]_VolMeth=rv,10,999
2015-03-20,0.019999824044836297,0.0,0.0,0.01636203698482454,0.0,0.002921688334230008,0.01999866610559473,0.0,10,20260217_173815_gamma=10_sB=0.02_lB=0.02_Max_diff=0.05_VOL=Vol_scaler[10]_VolMeth=rv,10,999
2015-04-17,0.00561216710615913,0.0,0.0,0.009989425297992073,0.0,0.019999876636245688,0.009179885994161892,0.0,10,20260217_173815_gamma=10_sB=0.02_lB=0.02_Max_diff=0.05_VOL=Vol_scaler[10]_VolMeth=rv,10,999
2015-05-15,0.019986067688997217,0.0,0.0,0.01999884310629692,0.0,0.018648920153578663,0.017650148577854186,0.0,10,20260217_173815_gamma=10_sB=0.02_lB=0.02_Max_diff=0.05_VOL=Vol_scaler[10]_VolMeth=rv,10,999
2015-06-19,0.01999951538742628,0.0,0.0,0.005179094790828616,0.0,0.019243981525675524,0.013224811235878304,0.0,10,20260217_173815_gamma=10_sB=0.02_lB=0.02_Max_diff=0.05_VOL=Vol_scaler[10]_VolMeth=rv,10,999
2015-07-17,0.01999969237086333,0.0,0.005665844500342816,0.0,0.0,0.0076400657854631265,0.00845909519741421,0.0,10,20260217_173815_gamma=10_sB=0.02_lB=0.02_Max_diff=0.05_VOL=Vol_scaler[10]_VolMeth=rv,10,999
2015-08-21,0.01999288713051645,0.0,0.0,3.7090369593492727e-06,0.0,0.012444957666960686,0.01573865274837516,0.0,10,20260217_173815_gamma=10_sB=0.02_lB=0.02_Max_diff=0.05_VOL=Vol_scaler[10]_VolMeth=rv,10,999
2015-09-18,0.019998300185787105,0.0,0.0,0.0016286087433749076,0.0,0.010138753896200552,0.019999921852662705,0.0,10,20260217_173815_gamma=10_sB=0.02_lB=0.02_Max_diff=0.05_VOL=Vol_scaler[10]_VolMeth=rv,10,999
2015-10-16,0.019999811009018622,0.0,0.0,0.013293465465775199,0.0,0.012609302288813287,0.019999926570041175,0.0,10,20260217_173815_gamma=10_sB=0.02_lB=0.02_Max_diff=0.05_VOL=Vol_scaler[10]_VolMeth=rv,10,999
2015-11-20,0.019999751855028152,0.0,0.0,0.017634210621699474,0.0,0.006244888908664068,0.019999937804102086,0.0,10,20260217_173815_gamma=10_sB=0.02_lB=0.02_Max_diff=0.05_VOL=Vol_scaler[10]_VolMeth=rv,10,999
2015-12-18,0.019999080988656995,0.0,0.0,0.0035230192686769956,0.0,0.006315483420392416,0.019999888876442364,0.0,10,20260217_173815_gamma=10_sB=0.02_lB=0.02_Max_diff=0.05_VOL=Vol_scaler[10]_VolMeth=rv,10,999
2016-01-15,0.019999714077717636,0.0,5.089546767021903e-06,0.0,0.0,0.012599814514999594,0.019742969670956474,0.0,10,20260217_173815_gamma=10_sB=0.02_lB=0.02_Max_diff=0.05_VOL=Vol_scaler[10]_VolMeth=rv,10,999
2016-02-19,0.019999863417635082,0.0,0.0,0.007072368668912877,0.0,0.013322129080241113,0.019999913370377726,0.0,10,20260217_173815_gamma=10_sB=0.02_lB=0.02_Max_diff=0.05_VOL=Vol_scaler[10]_VolMeth=rv,10,999
2016-03-18,0.00926497090491229,0.0,0.0,0.015080090683643979,0.0,0.008502181333173556,0.017887383929698217,0.0,10,20260217_173815_gamma=10_sB=0.02_lB=0.02_Max_diff=0.05_VOL=Vol_scaler[10]_VolMeth=rv,10,999
2016-04-15,0.01986198606399788,0.0,0.0,0.019999000760470016,0.0,0.01556009410838201,0.017745608582373062,0.0,10,20260217_173815_gamma=10_sB=0.02_lB=0.02_Max_diff=0.05_VOL=Vol_scaler[10]_VolMeth=rv,10,999
2016-05-20,0.004868662039087935,0.0,0.0,0.01999246558707701,0.0,0.006220534924433429,0.019455769475473356,0.0,10,20260217_173815_gamma=10_sB=0.02_lB=0.02_Max_diff=0.05_VOL=Vol_scaler[10]_VolMeth=rv,10,999
2016-06-17,0.0,0.01999899297766874,0.0,0.010615956405926935,0.0,0.01999994562377034,0.0006148511092454684,0.0,10,20260217_173815_gamma=10_sB=0.02_lB=0.02_Max_diff=0.05_VOL=Vol_scaler[10]_VolMeth=rv,10,999
2016-07-15,0.01878192391735602,0.0,0.0,1.958997234322133e-06,0.0,0.019999138362825946,0.011350216393831129,0.0,10,20260217_173815_gamma=10_sB=0.02_lB=0.02_Max_diff=0.05_VOL=Vol_scaler[10]_VolMeth=rv,10,999
2016-08-19,0.0,0.014466607075998703,0.0,0.015533196243613701,0.0,0.01999999340722057,0.0,0.0,10,20260217_173815_gamma=10_sB=0.02_lB=0.02_Max_diff=0.05_VOL=Vol_scaler[10]_VolMeth=rv,10,999
2016-09-16,0.019999651378190413,0.0,0.0,0.014618345836164132,0.0,0.007959766833148143,0.019999931303480104,0.0,10,20260217_173815_gamma=10_sB=0.02_lB=0.02_Max_diff=0.05_VOL=Vol_scaler[10]_VolMeth=rv,10,999
2016-10-21,1.6686577233766316e-06,0.0,0.0,0.019339252935913223,0.0,0.019999830797687287,0.0031142564350220146,0.0,10,20260217_173815_gamma=10_sB=0.02_lB=0.02_Max_diff=0.05_VOL=Vol_scaler[10]_VolMeth=rv,10,999
2016-11-18,0.016858755730797818,0.0,0.007120511530347499,0.0,0.0,0.00506545089603987,0.005282851257962003,0.0,10,20260217_173815_gamma=10_sB=0.02_lB=0.02_Max_diff=0.05_VOL=Vol_scaler[10]_VolMeth=rv,10,999
2016-12-16,0.010779513693820738,0.0,0.0,0.006160988056547767,0.0,0.007767196825876682,0.013026519947423692,0.0,10,20260217_173815_gamma=10_sB=0.02_lB=0.02_Max_diff=0.05_VOL=Vol_scaler[10]_VolMeth=rv,10,999
2017-01-20,0.0,0.01742611691744119,0.0,0.009208801402146154,0.0,0.01999993289460848,0.0,0.003363994706255088,10,20260217_173815_gamma=10_sB=0.02_lB=0.02_Max_diff=0.05_VOL=Vol_scaler[10]_VolMeth=rv,10,999
2017-02-17,0.0054343812257512695,0.0,0.0,0.0022243027164444477,0.0,0.019990505829205002,0.0,0.0,10,20260217_173815_gamma=10_sB=0.02_lB=0.02_Max_diff=0.05_VOL=Vol_scaler[10]_VolMeth=rv,10,999
2017-03-17,0.0,0.0006607399733171106,0.0,0.014967595176008415,0.0,0.019997843390084896,0.0,0.0,10,20260217_173815_gamma=10_sB=0.02_lB=0.02_Max_diff=0.05_VOL=Vol_scaler[10]_VolMeth=rv,10,999
2017-04-21,0.0,0.0049274482404670335,0.0,0.01999418955521117,0.0,0.01999997567319605,0.0012431520480200356,0.0,10,20260217_173815_gamma=10_sB=0.02_lB=0.02_Max_diff=0.05_VOL=Vol_scaler[10]_VolMeth=rv,10,999
2017-05-19,0.01999994900802511,0.0,0.0,0.01999972709256385,0.0,0.012968079972431254,0.0179202210270047,0.0,10,20260217_173815_gamma=10_sB=0.02_lB=0.02_Max_diff=0.05_VOL=Vol_scaler[10]_VolMeth=rv,10,999
2017-06-16,0.0,0.016818574706812094,0.006818342569598424,0.0,0.0,0.01999999172529819,0.0,0.019999908412039247,10,20260217_173815_gamma=10_sB=0.02_lB=0.02_Max_diff=0.05_VOL=Vol_scaler[10]_VolMeth=rv,10,999
2017-07-21,0.015673051660287877,0.0,0.010421906719478773,0.0,0.0,0.01999913270995013,0.002200761677344053,0.0,10,20260217_173815_gamma=10_sB=0.02_lB=0.02_Max_diff=0.05_VOL=Vol_scaler[10]_VolMeth=rv,10,999
2017-08-18,0.019999702839725603,0.0,0.0,0.0199962014987589,0.0,0.011157794559358615,0.019999683961117915,0.0,10,20260217_173815_gamma=10_sB=0.02_lB=0.02_Max_diff=0.05_VOL=Vol_scaler[10]_VolMeth=rv,10,999
2017-09-15,0.01998717627297361,0.0,4.4277976423997054e-06,0.0,0.0,0.0199999374716592,0.007741096708617583,0.0,10,20260217_173815_gamma=10_sB=0.02_lB=0.02_Max_diff=0.05_VOL=Vol_scaler[10]_VolMeth=rv,10,999
2017-10-20,0.0,0.019992222006796564,0.0,0.0020655015254300428,0.0,0.019999990508167385,0.0,0.007942199708970745,10,20260217_173815_gamma=10_sB=0.02_lB=0.02_Max_diff=0.05_VOL=Vol_scaler[10]_VolMeth=rv,10,999
2017-11-17,0.0,0.006794950844233525,0.0,0.01994520894651096,0.0,0.019999989212187666,0.004140131074605823,0.0,10,20260217_173815_gamma=10_sB=0.02_lB=0.02_Max_diff=0.05_VOL=Vol_scaler[10]_VolMeth=rv,10,999
2017-12-15,0.01968108796619181,0.0,0.007888262554734043,0.0,0.0,0.01999948266629158,1.2077075906513349e-05,0.0,10,20260217_173815_gamma=10_sB=0.02_lB=0.02_Max_diff=0.05_VOL=Vol_scaler[10]_VolMeth=rv,10,999
2018-01-19,0.019999804795341546,0.0,0.018095981209171805,0.0,0.0,0.014539845084783825,0.0027584563621530444,0.0,10,20260217_173815_gamma=10_sB=0.02_lB=0.02_Max_diff=0.05_VOL=Vol_scaler[10]_VolMeth=rv,10,999
2018-02-16,0.019999854200208594,0.0,0.0,0.0024694174607240086,0.005730835956610046,0.0,0.019999449565431513,0.0,10,20260217_173815_gamma=10_sB=0.02_lB=0.02_Max_diff=0.05_VOL=Vol_scaler[10]_VolMeth=rv,10,999
2018-03-16,0.01999969017488426,0.0,0.0,3.096789314260382e-05,0.0,0.01593724717326065,0.009012255941021197,0.0,10,20260217_173815_gamma=10_sB=0.02_lB=0.02_Max_diff=0.05_VOL=Vol_scaler[10]_VolMeth=rv,10,999
2018-04-20,0.01999955574223994,0.0,0.0,0.01229578639268417,0.0,0.01627890932579912,0.01999922191466726,0.0,10,20260217_173815_gamma=10_sB=0.02_lB=0.02_Max_diff=0.05_VOL=Vol_scaler[10]_VolMeth=rv,10,999
2018-05-18,0.012196461878922232,0.0,0.0,0.0025880040627953476,0.0,0.01999957754623626,0.00455012969727064,0.0,10,20260217_173815_gamma=10_sB=0.02_lB=0.02_Max_diff=0.05_VOL=Vol_scaler[10]_VolMeth=rv,10,999
2018-06-15,0.0,0.014059930927838702,0.0,0.014426769731874506,0.0,0.019999980031635417,0.0,0.0015102459976236399,10,20260217_173815_gamma=10_sB=0.02_lB=0.02_Max_diff=0.05_VOL=Vol_scaler[10]_VolMeth=rv,10,999
2018-07-20,0.019999823983237793,0.0,0.0,0.004275288110289808,0.0,0.018777950913696842,0.009244131281632994,0.0,10,20260217_173815_gamma=10_sB=0.02_lB=0.02_Max_diff=0.05_VOL=Vol_scaler[10]_VolMeth=rv,10,999
2018-08-17,0.01999985424046235,0.0,0.0,0.009516353106459131,0.0,0.01999810865548955,0.011539108959846606,0.0,10,20260217_173815_gamma=10_sB=0.02_lB=0.02_Max_diff=0.05_VOL=Vol_scaler[10]_VolMeth=rv,10,999
2018-09-21,0.019999860061265202,0.0,0.009481148023182461,0.0,0.0,0.019058225419159264,0.0027347866473965594,0.0,10,20260217_173815_gamma=10_sB=0.02_lB=0.02_Max_diff=0.05_VOL=Vol_scaler[10]_VolMeth=rv,10,999
2018-10-19,0.019999684932006684,0.0,0.004017872789535753,0.0,0.0020799811326800218,0.0,0.01999997641307983,0.0,10,20260217_173815_gamma=10_sB=0.02_lB=0.02_Max_diff=0.05_VOL=Vol_scaler[10]_VolMeth=rv,10,999
2018-11-16,0.01999905881147783,0.0,0.0,0.011969590605599637,0.0,0.013674943696737373,0.019999482604350513,0.0,10,20260217_173815_gamma=10_sB=0.02_lB=0.02_Max_diff=0.05_VOL=Vol_scaler[10]_VolMeth=rv,10,999
2018-12-21,0.007483057512735021,0.0,0.0,0.007349953188163905,0.0,0.016766276024113184,0.01226026674418343,0.0,10,20260217_173815_gamma=10_sB=0.02_lB=0.02_Max_diff=0.05_VOL=Vol_scaler[10]_VolMeth=rv,10,999
2019-01-18,0.019579636762031997,0.0,0.0,0.002034034188083615,0.0,0.019997230390798173,0.008864896034656733,0.0,10,20260217_173815_gamma=10_sB=0.02_lB=0.02_Max_diff=0.05_VOL=Vol_scaler[10]_VolMeth=rv,10,999
2019-02-15,0.019995313348772515,0.0,0.0,0.015132863277920771,0.0,0.018394736238370908,0.013745045388412478,0.0,10,20260217_173815_gamma=10_sB=0.02_lB=0.02_Max_diff=0.05_VOL=Vol_scaler[10]_VolMeth=rv,10,999
2019-03-15,0.019999212112235244,0.0,0.0,2.7923106951883094e-05,0.0,0.012611959077067168,0.005918444818288976,0.0,10,20260217_173815_gamma=10_sB=0.02_lB=0.02_Max_diff=0.05_VOL=Vol_scaler[10]_VolMeth=rv,10,999
2019-04-18,0.0,0.018388561644031454,0.0,0.0049779923560820455,0.0,0.019999990500206656,0.0,0.006633397346902977,10,20260217_173815_gamma=10_sB=0.02_lB=0.02_Max_diff=0.05_VOL=Vol_scaler[10]_VolMeth=rv,10,999
2019-05-17,0.01999979228303138,0.0,0.0,0.01131702279714283,0.0,0.011524366805446397,0.019999879330372585,0.0,10,20260217_173815_gamma=10_sB=0.02_lB=0.02_Max_diff=0.05_VOL=Vol_scaler[10]_VolMeth=rv,10,999
2019-06-21,0.0,2.433697582473965e-06,0.0,0.0013962971767067383,0.0,0.017173267013526936,0.0,0.00754482363577961,10,20260217_173815_gamma=10_sB=0.02_lB=0.02_Max_diff=0.05_VOL=Vol_scaler[10]_VolMeth=rv,10,999
2019-07-19,0.0,0.0036207845930410184,0.0,0.019999356898687547,0.0,0.01999973764259622,0.0052513415167519464,0.0,10,20260217_173815_gamma=10_sB=0.02_lB=0.02_Max_diff=0.05_VOL=Vol_scaler[10]_VolMeth=rv,10,999
2019-08-16,0.019999951525426066,0.0,0.0,0.0,0.0,0.001326805067130809,0.01999999041182303,0.0,10,20260217_173815_gamma=10_sB=0.02_lB=0.02_Max_diff=0.05_VOL=Vol_scaler[10]_VolMeth=rv,10,999
2019-09-20,0.0,0.019999443460441288,0.009998663100768558,0.0,0.0,0.019999992002586,0.0,0.019998784388962198,10,20260217_173815_gamma=10_sB=0.02_lB=0.02_Max_diff=0.05_VOL=Vol_scaler[10]_VolMeth=rv,10,999
2019-10-18,0.01999982404653208,0.0,0.0,0.019953894607003652,0.0,0.011755477496654976,0.019999968211084,0.0,10,20260217_173815_gamma=10_sB=0.02_lB=0.02_Max_diff=0.05_VOL=Vol_scaler[10]_VolMeth=rv,10,999
2019-11-15,0.0,0.01609802851104668,0.006095425508617498,0.0,0.0,0.019999983048344848,0.0,0.01999747235353061,10,20260217_173815_gamma=10_sB=0.02_lB=0.02_Max_diff=0.05_VOL=Vol_scaler[10]_VolMeth=rv,10,999
2019-12-20,0.01192915010305249,0.0,0.0,0.00951979547527708,0.0,0.01999993159880437,0.005044999055613034,0.0,10,20260217_173815_gamma=10_sB=0.02_lB=0.02_Max_diff=0.05_VOL=Vol_scaler[10]_VolMeth=rv,10,999
2020-01-17,0.005948403309893711,0.0,0.0,0.01801925915539768,0.0,0.01999990390180399,0.008251867668050368,0.0,10,20260217_173815_gamma=10_sB=0.02_lB=0.02_Max_diff=0.05_VOL=Vol_scaler[10]_VolMeth=rv,10,999
2020-02-21,0.0,0.002928496644316507,0.0,0.019999648847107695,0.0,0.019999486693502756,0.0066438932853394046,0.0,10,20260217_173815_gamma=10_sB=0.02_lB=0.02_Max_diff=0.05_VOL=Vol_scaler[10]_VolMeth=rv,10,999
2020-03-20,0.019999569505057373,0.0,0.01999910011908805,0.0,0.014068178427535844,0.0,0.01999987096285657,0.0,10,20260217_173815_gamma=10_sB=0.02_lB=0.02_Max_diff=0.05_VOL=Vol_scaler[10]_VolMeth=rv,10,999
2020-04-17,0.01999988606371622,0.0,0.004668432170977962,0.0,0.0,4.3548847792718946e-06,0.019999962285343918,0.0,10,20260217_173815_gamma=10_sB=0.02_lB=0.02_Max_diff=0.05_VOL=Vol_scaler[10]_VolMeth=rv,10,999
2020-05-15,0.0,0.008934361457208065,0.0,0.019999927399672636,0.0,0.01999995750574741,0.011547758758484468,0.0,10,20260217_173815_gamma=10_sB=0.02_lB=0.02_Max_diff=0.05_VOL=Vol_scaler[10]_VolMeth=rv,10,999
2020-06-19,0.019999680291490084,0.0,0.0028074546750021965,0.0,0.0,0.008317887381707583,0.019999881841187808,0.0,10,20260217_173815_gamma=10_sB=0.02_lB=0.02_Max_diff=0.05_VOL=Vol_scaler[10]_VolMeth=rv,10,999
2020-07-17,0.0,0.0056359664186539996,0.0,0.019999783818867082,0.0,0.019999790669749926,0.009319334959892813,0.0,10,20260217_173815_gamma=10_sB=0.02_lB=0.02_Max_diff=0.05_VOL=Vol_scaler[10]_VolMeth=rv,10,999
2020-08-21,0.0,0.010739685713995663,0.0,0.019249231446603707,0.0,0.01999989454471963,0.0,2.112299882665216e-06,10,20260217_173815_gamma=10_sB=0.02_lB=0.02_Max_diff=0.05_VOL=Vol_scaler[10]_VolMeth=rv,10,999
2020-09-18,0.019999191147476527,0.0,0.0,0.010200676787985571,0.0,0.01174046126351364,0.019999856725623887,0.0,10,20260217_173815_gamma=10_sB=0.02_lB=0.02_Max_diff=0.05_VOL=Vol_scaler[10]_VolMeth=rv,10,999
2020-10-16,0.0,0.011104596950685658,0.0,0.01999990534423242,0.0,0.019999798283015457,0.015851268723530782,0.0,10,20260217_173815_gamma=10_sB=0.02_lB=0.02_Max_diff=0.05_VOL=Vol_scaler[10]_VolMeth=rv,10,999
2020-11-20,0.01458810949519706,0.0,0.0,0.0,0.0,0.019999352343973768,0.010806298266207092,0.0,10,20260217_173815_gamma=10_sB=0.02_lB=0.02_Max_diff=0.05_VOL=Vol_scaler[10]_VolMeth=rv,10,999
2020-12-18,0.0,0.01159734957929851,0.0,0.015363282025433604,0.0,0.019999930562503758,0.0,0.0030377485663069374,10,20260217_173815_gamma=10_sB=0.02_lB=0.02_Max_diff=0.05_VOL=Vol_scaler[10]_VolMeth=rv,10,999
2021-01-15,0.0,0.010065045765440699,0.0,0.019999930764342713,0.0,0.019999946663505616,0.006479926544497927,0.0,10,20260217_173815_gamma=10_sB=0.02_lB=0.02_Max_diff=0.05_VOL=Vol_scaler[10]_VolMeth=rv,10,999
2021-02-19,0.0,0.019995352994594977,0.009995318482948209,0.0,0.0,0.019999989494439815,0.0,0.01999997791807413,10,20260217_173815_gamma=10_sB=0.02_lB=0.02_Max_diff=0.05_VOL=Vol_scaler[10]_VolMeth=rv,10,999
2021-03-19,0.00847108872297393,0.0,0.0,0.018909725210352012,0.0,0.019999713701064115,0.019999228411059635,0.0,10,20260217_173815_gamma=10_sB=0.02_lB=0.02_Max_diff=0.05_VOL=Vol_scaler[10]_VolMeth=rv,10,999
2021-04-16,0.011916618303049874,0.0,0.0,0.0017574736222754495,0.0,0.019999889164412216,0.006235112840571328,0.0,10,20260217_173815_gamma=10_sB=0.02_lB=0.02_Max_diff=0.05_VOL=Vol_scaler[10]_VolMeth=rv,10,999
2021-05-21,0.01999947876731952,0.0,0.0,0.01256182046015827,0.0,0.014678233853381448,0.019999946318980333,0.0,10,20260217_173815_gamma=10_sB=0.02_lB=0.02_Max_diff=0.05_VOL=Vol_scaler[10]_VolMeth=rv,10,999
2021-06-17,0.0,0.019991224339849116,0.0,0.00015531341433724398,0.0,0.01999998615222032,0.0,0.009853450184037067,10,20260217_173815_gamma=10_sB=0.02_lB=0.02_Max_diff=0.05_VOL=Vol_scaler[10]_VolMeth=rv,10,999
2021-07-16,0.0,0.005203979443984287,0.0,0.01999984262529099,0.0,0.019999834939983956,0.007114617322540242,0.0,10,20260217_173815_gamma=10_sB=0.02_lB=0.02_Max_diff=0.05_VOL=Vol_scaler[10]_VolMeth=rv,10,999
2021-08-20,0.0,0.006369370079916038,0.0,0.01999992749108979,0.0,0.019999959542839563,0.006649552549702666,0.0,10,20260217_173815_gamma=10_sB=0.02_lB=0.02_Max_diff=0.05_VOL=Vol_scaler[10]_VolMeth=rv,10,999
2021-09-17,0.0,0.0156134439974941,0.0,0.01999984286957539,0.0,0.01999995734862579,0.005617515583622226,0.0,10,20260217_173815_gamma=10_sB=0.02_lB=0.02_Max_diff=0.05_VOL=Vol_scaler[10]_VolMeth=rv,10,999
2021-10-15,0.01999981002805624,0.0,0.0,0.005670298905899735,0.0,0.019083640225457138,0.011814413893285818,0.0,10,20260217_173815_gamma=10_sB=0.02_lB=0.02_Max_diff=0.05_VOL=Vol_scaler[10]_VolMeth=rv,10,999
2021-11-19,0.0,0.013728297326154201,0.0,0.008866274557110813,0.0,0.01999998591029427,0.0,0.007405404420149984,10,20260217_173815_gamma=10_sB=0.02_lB=0.02_Max_diff=0.05_VOL=Vol_scaler[10]_VolMeth=rv,10,999
2021-12-17,0.019999965786298823,0.0,0.0,0.01999518057660341,0.0,0.018992750794071908,0.019999976976759624,0.0,10,20260217_173815_gamma=10_sB=0.02_lB=0.02_Max_diff=0.05_VOL=Vol_scaler[10]_VolMeth=rv,10,999
2022-01-21,0.0010658378511217426,0.0,0.0,0.019998760471665416,0.0,0.019999756634679965,0.016695744686889006,0.0,10,20260217_173815_gamma=10_sB=0.02_lB=0.02_Max_diff=0.05_VOL=Vol_scaler[10]_VolMeth=rv,10,999
2022-02-18,0.014796531279534467,0.0,0.0,0.017766664676807844,0.0,0.019999857041479583,0.019999956301711485,0.0,10,20260217_173815_gamma=10_sB=0.02_lB=0.02_Max_diff=0.05_VOL=Vol_scaler[10]_VolMeth=rv,10,999
2022-03-18,0.01999992255233955,0.0,0.003316437169285966,0.0,0.0,0.0025604316591094785,0.01999995920070176,0.0,10,20260217_173815_gamma=10_sB=0.02_lB=0.02_Max_diff=0.05_VOL=Vol_scaler[10]_VolMeth=rv,10,999
2022-04-14,0.005540667490426804,0.0,0.0,0.019999328156212946,0.0,0.019999718343715885,0.014614155664951048,0.0,10,20260217_173815_gamma=10_sB=0.02_lB=0.02_Max_diff=0.05_VOL=Vol_scaler[10]_VolMeth=rv,10,999
2022-05-20,0.01998888399532372,0.0,0.006813436844626778,0.0,0.0,0.003940335841560233,0.019999728641248653,0.0,10,20260217_173815_gamma=10_sB=0.02_lB=0.02_Max_diff=0.05_VOL=Vol_scaler[10]_VolMeth=rv,10,999
2022-06-17,0.0067641758980887205,0.0,0.006642278203757851,0.0,0.009029816715175009,0.0,0.019999930381845218,0.0,10,20260217_173815_gamma=10_sB=0.02_lB=0.02_Max_diff=0.05_VOL=Vol_scaler[10]_VolMeth=rv,10,999
2022-07-15,0.0,0.0076661143875115505,0.0,0.019999737300597568,0.0,0.019999924718683983,0.00478806029716671,0.0,10,20260217_173815_gamma=10_sB=0.02_lB=0.02_Max_diff=0.05_VOL=Vol_scaler[10]_VolMeth=rv,10,999
2022-08-19,0.007022440057044595,0.0,0.0,0.012285165569793907,0.0,0.004707975626526206,0.019995992245089144,0.0,10,20260217_173815_gamma=10_sB=0.02_lB=0.02_Max_diff=0.05_VOL=Vol_scaler[10]_VolMeth=rv,10,999
2022-09-16,0.016236730651935875,0.0,0.0,0.010895816955034875,0.0,0.011459394068488862,0.019999912878622517,0.0,10,20260217_173815_gamma=10_sB=0.02_lB=0.02_Max_diff=0.05_VOL=Vol_scaler[10]_VolMeth=rv,10,999
2022-10-21,0.0034951186882682707,0.0,0.0,0.00843834601377792,0.0,9.034853597525927e-06,0.019999311273796165,0.0,10,20260217_173815_gamma=10_sB=0.02_lB=0.02_Max_diff=0.05_VOL=Vol_scaler[10]_VolMeth=rv,10,999
2022-11-18,0.0,3.1454483783657996e-06,0.0058388182513117995,0.0,0.017150711573112286,0.0,0.01999990270706351,0.0,10,20260217_173815_gamma=10_sB=0.02_lB=0.02_Max_diff=0.05_VOL=Vol_scaler[10]_VolMeth=rv,10,999
2022-12-16,0.0,0.003857123197100668,0.0,0.011044411968754018,0.0,9.226719673651694e-06,0.019996747086846105,0.0,10,20260217_173815_gamma=10_sB=0.02_lB=0.02_Max_diff=0.05_VOL=Vol_scaler[10]_VolMeth=rv,10,999
2023-01-20,0.002862804253675761,0.0,0.0,0.007246566305523263,0.0,1.350826255543881e-06,0.019998037009493985,0.0,10,20260217_173815_gamma=10_sB=0.02_lB=0.02_Max_diff=0.05_VOL=Vol_scaler[10]_VolMeth=rv,10,999
2023-02-17,0.010800384628719347,0.0,0.0,0.013992673131023687,0.0,0.016825469891034138,0.012673575045050137,0.0,10,20260217_173815_gamma=10_sB=0.02_lB=0.02_Max_diff=0.05_VOL=Vol_scaler[10]_VolMeth=rv,10,999
2023-03-17,0.0167220667045978,0.0,0.0,0.019999738407322235,0.0,0.01999906898886698,0.0172803939141356,0.0,10,20260217_173815_gamma=10_sB=0.02_lB=0.02_Max_diff=0.05_VOL=Vol_scaler[10]_VolMeth=rv,10,999
2023-04-21,0.0,0.008711235124147725,0.0,0.01999995453466913,0.0,0.019999978234630667,0.0,0.0012675248890473597,10,20260217_173815_gamma=10_sB=0.02_lB=0.02_Max_diff=0.05_VOL=Vol_scaler[10]_VolMeth=rv,10,999
2023-05-19,0.007132697014069273,0.0,0.0,0.01999952544183542,0.0,0.01999961089856902,0.005489190186485829,0.0,10,20260217_173815_gamma=10_sB=0.02_lB=0.02_Max_diff=0.05_VOL=Vol_scaler[10]_VolMeth=rv,10,999
2023-06-16,0.013654040586753948,0.0,0.0,0.004713567559530469,0.0,0.014574959619787572,0.0,0.0,10,20260217_173815_gamma=10_sB=0.02_lB=0.02_Max_diff=0.05_VOL=Vol_scaler[10]_VolMeth=rv,10,999
2023-07-21,0.005158312185585791,0.0,0.0,2.8671302503628336e-06,0.0,0.008182159814170633,0.0019393693262082594,0.0,10,20260217_173815_gamma=10_sB=0.02_lB=0.02_Max_diff=0.05_VOL=Vol_scaler[10]_VolMeth=rv,10,999
2023-08-18,0.011842379059284484,0.0,0.0,0.01999885126926061,0.0,0.019999369021976313,0.008915450327583261,0.0,10,20260217_173815_gamma=10_sB=0.02_lB=0.02_Max_diff=0.05_VOL=Vol_scaler[10]_VolMeth=rv,10,999
2023-09-15,0.01999841543754389,0.0,0.0,0.01555538258193425,0.0,0.01850622723358351,0.008063050864089608,0.0,10,20260217_173815_gamma=10_sB=0.02_lB=0.02_Max_diff=0.05_VOL=Vol_scaler[10]_VolMeth=rv,10,999
2023-10-20,0.00431994043539264,0.0,0.0,0.01999948123794353,0.0,0.0199996317607888,0.0136923784912018,0.0,10,20260217_173815_gamma=10_sB=0.02_lB=0.02_Max_diff=0.05_VOL=Vol_scaler[10]_VolMeth=rv,10,999
2023-11-17,0.01999982919597168,0.0,0.009325130224223653,0.0,0.0,0.0047851695383022315,0.011110279210010022,0.0,10,20260217_173815_gamma=10_sB=0.02_lB=0.02_Max_diff=0.05_VOL=Vol_scaler[10]_VolMeth=rv,10,999
2023-12-15,0.011373419791496734,0.0,0.0061348039324680016,0.0,0.0,0.009816219260304354,0.0,0.0,10,20260217_173815_gamma=10_sB=0.02_lB=0.02_Max_diff=0.05_VOL=Vol_scaler[10]_VolMeth=rv,10,999
2024-01-19,0.01997675991803295,0.0,0.0,1.0223130432835419e-06,0.0,0.006290919509510139,0.009332228656349289,0.0,10,20260217_173815_gamma=10_sB=0.02_lB=0.02_Max_diff=0.05_VOL=Vol_scaler[10]_VolMeth=rv,10,999
2024-02-16,0.019291527587793917,0.0,0.01999579532869765,0.0,0.0,0.0076942889512175115,0.0,1.05409908354082e-06,10,20260217_173815_gamma=10_sB=0.02_lB=0.02_Max_diff=0.05_VOL=Vol_scaler[10]_VolMeth=rv,10,999
2024-03-15,0.014172628291742035,0.0,4.418162912457731e-06,0.0,0.0,0.012147310045062474,0.002667305704035176,0.0,10,20260217_173815_gamma=10_sB=0.02_lB=0.02_Max_diff=0.05_VOL=Vol_scaler[10]_VolMeth=rv,10,999
2024-04-19,0.0,1.8573636128961582e-05,0.0,0.009952730389034117,0.0,0.006831843419932086,0.00791187503430329,0.0,10,20260217_173815_gamma=10_sB=0.02_lB=0.02_Max_diff=0.05_VOL=Vol_scaler[10]_VolMeth=rv,10,999
2024-05-17,0.017137207112917902,0.0,0.007929194165689098,0.0,0.0,0.012133135606160278,0.0,0.0014532045940392375,10,20260217_173815_gamma=10_sB=0.02_lB=0.02_Max_diff=0.05_VOL=Vol_scaler[10]_VolMeth=rv,10,999
2024-06-21,0.0,0.005851183230717834,0.0,0.019978636398567104,0.0,0.009712967764272313,0.0,0.00970611594856879,10,20260217_173815_gamma=10_sB=0.02_lB=0.02_Max_diff=0.05_VOL=Vol_scaler[10]_VolMeth=rv,10,999
2024-07-19,0.01999959908149787,0.0,0.0,0.01592854706365757,0.0,0.015938552712155676,0.0167157418362941,0.0,10,20260217_173815_gamma=10_sB=0.02_lB=0.02_Max_diff=0.05_VOL=Vol_scaler[10]_VolMeth=rv,10,999
2024-08-16,0.019999863916428863,0.0,0.010126211679670588,0.0,0.0042833407088555065,0.0,0.019999929029002342,0.0,10,20260217_173815_gamma=10_sB=0.02_lB=0.02_Max_diff=0.05_VOL=Vol_scaler[10]_VolMeth=rv,10,999
2024-09-20,0.01999976972185916,0.0,0.0,0.009872258954502068,0.0,0.012054731266471184,0.019974414080244716,0.0,10,20260217_173815_gamma=10_sB=0.02_lB=0.02_Max_diff=0.05_VOL=Vol_scaler[10]_VolMeth=rv,10,999
2024-10-18,0.013448641143866893,0.0,0.0,0.009078889016790064,0.0,0.01999962702204611,0.006849543849925375,0.0,10,20260217_173815_gamma=10_sB=0.02_lB=0.02_Max_diff=0.05_VOL=Vol_scaler[10]_VolMeth=rv,10,999
2024-11-15,0.01999957630975171,0.0,0.0,0.007150603537391795,0.0,0.0077717483943113,0.019999903391387,0.0,10,20260217_173815_gamma=10_sB=0.02_lB=0.02_Max_diff=0.05_VOL=Vol_scaler[10]_VolMeth=rv,10,999
2024-12-20,0.01999992928580441,0.0,0.0,0.0033920409509921104,0.0,0.006561155880293389,0.019999977385546486,0.0,10,20260217_173815_gamma=10_sB=0.02_lB=0.02_Max_diff=0.05_VOL=Vol_scaler[10]_VolMeth=rv,10,999
2025-01-17,0.019999037465645297,0.0,0.0,1.4549792424700937e-06,0.0,0.005557159127168175,0.019998223842444825,0.0,10,20260217_173815_gamma=10_sB=0.02_lB=0.02_Max_diff=0.05_VOL=Vol_scaler[10]_VolMeth=rv,10,999
2025-02-21,0.019999762853072926,0.0,0.0,0.019999769962980158,0.0,0.017101631623429,0.018613571068917097,0.0,10,20260217_173815_gamma=10_sB=0.02_lB=0.02_Max_diff=0.05_VOL=Vol_scaler[10]_VolMeth=rv,10,999
2025-03-21,0.01999978793642866,0.0,0.0,0.005345434080497121,0.0,0.004530515305211988,0.019999940633290334,0.0,10,20260217_173815_gamma=10_sB=0.02_lB=0.02_Max_diff=0.05_VOL=Vol_scaler[10]_VolMeth=rv,10,999
2025-04-17,0.019999846151750326,0.0,0.01999603999946054,0.0,0.013943500977632013,0.0,0.019999942536358204,0.0,10,20260217_173815_gamma=10_sB=0.02_lB=0.02_Max_diff=0.05_VOL=Vol_scaler[10]_VolMeth=rv,10,999
2025-05-16,0.01999982056280821,0.0,0.0,0.005835588170597263,0.0,0.006624702762074175,0.019999917249966734,0.0,10,20260217_173815_gamma=10_sB=0.02_lB=0.02_Max_diff=0.05_VOL=Vol_scaler[10]_VolMeth=rv,10,999
2025-06-20,0.006320248527695457,0.0,0.0,0.019999898116434264,0.0,0.01999996586540705,0.008505072414305821,0.0,10,20260217_173815_gamma=10_sB=0.02_lB=0.02_Max_diff=0.05_VOL=Vol_scaler[10]_VolMeth=rv,10,999
2025-07-18,0.0,0.003214444927917645,0.0,0.01553669909700386,0.0,0.019999910657197893,0.0,0.011248719703694166,10,20260217_173815_gamma=10_sB=0.02_lB=0.02_Max_diff=0.05_VOL=Vol_scaler[10]_VolMeth=rv,10,999
2025-08-15,0.01860579768221589,0.0,0.0,0.002716355785946756,0.0,0.019999733269443525,0.009664256553139338,0.0,10,20260217_173815_gamma=10_sB=0.02_lB=0.02_Max_diff=0.05_VOL=Vol_scaler[10]_VolMeth=rv,10,999
2025-09-19,0.0,0.004193377366965572,0.0,0.008506430165364462,0.0,0.019999596522609235,0.0,0.01729431757560814,10,20260217_173815_gamma=10_sB=0.02_lB=0.02_Max_diff=0.05_VOL=Vol_scaler[10]_VolMeth=rv,10,999
2025-10-17,0.01999959312584043,0.0,0.0,0.013797107418520822,0.0,0.016161360209694314,0.019999521688542424,0.0,10,20260217_173815_gamma=10_sB=0.02_lB=0.02_Max_diff=0.05_VOL=Vol_scaler[10]_VolMeth=rv,10,999
2025-11-21,0.019999862625771612,0.0,0.0,0.019998138723360717,0.0,0.01656979471368277,0.019195718200462366,0.0,10,20260217_173815_gamma=10_sB=0.02_lB=0.02_Max_diff=0.05_VOL=Vol_scaler[10]_VolMeth=rv,10,999
2013-04-19,0.0199988329010034,0.0,0.0,0.0,0.0,0.005323426098123811,0.012936662109776956,0.0,20,20260217_173907_gamma=10_sB=0.02_lB=0.02_Max_diff=0.05_VOL=Vol_scaler[20]_VolMeth=rv,10,999
2013-05-17,0.0024925797398635367,0.0,0.009965597001286826,0.0,0.0,0.006637207737402824,6.700324859407897e-05,0.0,20,20260217_173907_gamma=10_sB=0.02_lB=0.02_Max_diff=0.05_VOL=Vol_scaler[20]_VolMeth=rv,10,999
2013-06-21,0.003781889665868695,0.0,0.0,0.010085515609660157,0.0,0.0,0.019999700035362018,0.0,20,20260217_173907_gamma=10_sB=0.02_lB=0.02_Max_diff=0.05_VOL=Vol_scaler[20]_VolMeth=rv,10,999
2013-07-19,0.004737643300289328,0.0,0.00047379642450543337,0.0,0.0,0.0038817002060694624,0.01103968615403702,0.0,20,20260217_173907_gamma=10_sB=0.02_lB=0.02_Max_diff=0.05_VOL=Vol_scaler[20]_VolMeth=rv,10,999
2013-08-16,0.0,0.012263180799399554,0.0,0.01999832440617632,0.0,0.019999226842178516,0.0022671796138276387,0.0,20,20260217_173907_gamma=10_sB=0.02_lB=0.02_Max_diff=0.05_VOL=Vol_scaler[20]_VolMeth=rv,10,999
2013-09-20,0.016569076182281327,0.0,0.0,0.0,0.0,0.01051389255046208,0.01179551543258961,0.0,20,20260217_173907_gamma=10_sB=0.02_lB=0.02_Max_diff=0.05_VOL=Vol_scaler[20]_VolMeth=rv,10,999
2013-10-18,0.01773264004553716,0.0,0.019998408936850315,0.0,0.0,0.0005203225355396329,0.007330225949683049,0.0,20,20260217_173907_gamma=10_sB=0.02_lB=0.02_Max_diff=0.05_VOL=Vol_scaler[20]_VolMeth=rv,10,999
2013-11-15,0.0,0.0,0.0,0.0026189354041999584,0.0,0.00615859371817907,0.006909163229907708,0.0,20,20260217_173907_gamma=10_sB=0.02_lB=0.02_Max_diff=0.05_VOL=Vol_scaler[20]_VolMeth=rv,10,999
2013-12-20,0.019999854593229442,0.0,0.0,0.0,0.0,0.01141184365389099,0.01147711030219404,0.0,20,20260217_173907_gamma=10_sB=0.02_lB=0.02_Max_diff=0.05_VOL=Vol_scaler[20]_VolMeth=rv,10,999
2014-01-17,0.008119882154374418,0.0,0.0,8.020585958552324e-06,0.0,0.0193663975498466,0.005129283733903849,0.0,20,20260217_173907_gamma=10_sB=0.02_lB=0.02_Max_diff=0.05_VOL=Vol_scaler[20]_VolMeth=rv,10,999
2014-02-21,0.019999862617858667,0.0,0.0016322767956186493,0.0,0.0,0.00533982107885445,0.010599920364047291,0.0,20,20260217_173907_gamma=10_sB=0.02_lB=0.02_Max_diff=0.05_VOL=Vol_scaler[20]_VolMeth=rv,10,999
2014-03-21,0.018661514229886947,0.0,0.0,0.0,0.0,0.017615391749142246,0.008256208664640576,0.0,20,20260217_173907_gamma=10_sB=0.02_lB=0.02_Max_diff=0.05_VOL=Vol_scaler[20]_VolMeth=rv,10,999
2014-04-17,0.008126002616018648,0.0,0.0,0.011544600771562332,0.0,0.0023912088838350964,0.01999831737492702,0.0,20,20260217_173907_gamma=10_sB=0.02_lB=0.02_Max_diff=0.05_VOL=Vol_scaler[20]_VolMeth=rv,10,999
2014-05-16,0.0009568369649464491,0.0,0.0,0.00917068861596869,0.0,0.019996098622542393,0.0012613007381662115,0.0,20,20260217_173907_gamma=10_sB=0.02_lB=0.02_Max_diff=0.05_VOL=Vol_scaler[20]_VolMeth=rv,10,999
2014-06-20,0.01088386655538361,0.0,0.0,0.0,0.0,0.019622605212882824,0.003898158534108219,0.0,20,20260217_173907_gamma=10_sB=0.02_lB=0.02_Max_diff=0.05_VOL=Vol_scaler[20]_VolMeth=rv,10,999
2014-07-18,0.010193551732956274,0.0,0.0,0.0002826763615084891,0.0,0.012779050352133562,0.007435565277770811,0.0,20,20260217_173907_gamma=10_sB=0.02_lB=0.02_Max_diff=0.05_VOL=Vol_scaler[20]_VolMeth=rv,10,999
2014-08-15,0.01999957334064983,0.0,0.0002992415640636718,0.0,0.0,0.017237852216392433,0.002682179430239098,0.0,20,20260217_173907_gamma=10_sB=0.02_lB=0.02_Max_diff=0.05_VOL=Vol_scaler[20]_VolMeth=rv,10,999
2014-09-19,8.952445814488875e-06,0.0,0.0,0.009570128359947859,0.0,0.019999664120951423,0.0024178468958959195,0.0,20,20260217_173907_gamma=10_sB=0.02_lB=0.02_Max_diff=0.05_VOL=Vol_scaler[20]_VolMeth=rv,10,999
2014-10-17,0.018859114222403037,0.0,0.0,0.012048481685989088,0.0,0.01999517950931321,0.019999847288247104,0.0,20,20260217_173907_gamma=10_sB=0.02_lB=0.02_Max_diff=0.05_VOL=Vol_scaler[20]_VolMeth=rv,10,999
2014-11-21,0.006073108858951306,0.0,0.0,0.0,0.0,0.01597232136327863,0.003673198301478041,0.0,20,20260217_173907_gamma=10_sB=0.02_lB=0.02_Max_diff=0.05_VOL=Vol_scaler[20]_VolMeth=rv,10,999
2014-12-19,0.019999650439590424,0.0,0.0,0.008862116221031306,0.0,0.004622204216916534,0.019999893203267283,0.0,20,20260217_173907_gamma=10_sB=0.02_lB=0.02_Max_diff=0.05_VOL=Vol_scaler[20]_VolMeth=rv,10,999
2015-01-16,0.01999630726530977,0.0,0.0,0.012683558140629995,0.0,0.01863455821110089,0.019999154206661745,0.0,20,20260217_173907_gamma=10_sB=0.02_lB=0.02_Max_diff=0.05_VOL=Vol_scaler[20]_VolMeth=rv,10,999
2015-02-20,0.01998824388445799,0.0,0.0,0.005752678386845954,0.0,0.005425524378534758,0.017675505067278295,0.0,20,20260217_173907_gamma=10_sB=0.02_lB=0.02_Max_diff=0.05_VOL=Vol_scaler[20]_VolMeth=rv,10,999
2015-03-20,0.019999923377682537,0.0,0.0,0.012923714397347562,0.0,0.008984273011540188,0.01781208507146428,0.0,20,20260217_173907_gamma=10_sB=0.02_lB=0.02_Max_diff=0.05_VOL=Vol_scaler[20]_VolMeth=rv,10,999
2015-04-17,0.016869071000343138,0.0,0.0,0.009425470628224828,0.0,0.014471459874196006,0.017138755098118824,0.0,20,20260217_173907_gamma=10_sB=0.02_lB=0.02_Max_diff=0.05_VOL=Vol_scaler[20]_VolMeth=rv,10,999
2015-05-15,0.017763323220884267,0.0,0.0,0.01999945997887326,0.0,0.01998961420255524,0.01619564849672859,0.0,20,20260217_173907_gamma=10_sB=0.02_lB=0.02_Max_diff=0.05_VOL=Vol_scaler[20]_VolMeth=rv,10,999
2015-06-19,0.015957594394178855,0.0,0.0,0.0063965465753614515,0.0,0.01999952363946304,0.01187467965031061,0.0,20,20260217_173907_gamma=10_sB=0.02_lB=0.02_Max_diff=0.05_VOL=Vol_scaler[20]_VolMeth=rv,10,999
2015-07-17,0.01999946971666376,0.0,0.005797926882474165,0.0,0.0,0.008470282445511186,0.008132687864163948,0.0,20,20260217_173907_gamma=10_sB=0.02_lB=0.02_Max_diff=0.05_VOL=Vol_scaler[20]_VolMeth=rv,10,999
2015-08-21,0.00646714693301683,0.0,0.0,4.826189290301412e-06,0.0,0.015422255252239335,0.00027833608678882343,0.0,20,20260217_173907_gamma=10_sB=0.02_lB=0.02_Max_diff=0.05_VOL=Vol_scaler[20]_VolMeth=rv,10,999
2015-09-18,0.01999974295028757,0.0,0.009068185883588275,0.0,0.0014334119648438347,0.0,0.019999935768728796,0.0,20,20260217_173907_gamma=10_sB=0.02_lB=0.02_Max_diff=0.05_VOL=Vol_scaler[20]_VolMeth=rv,10,999
2015-10-16,0.019999926913832552,0.0,0.0,0.007359328288068402,0.0,0.005736236203262171,0.019999948020810662,0.0,20,20260217_173907_gamma=10_sB=0.02_lB=0.02_Max_diff=0.05_VOL=Vol_scaler[20]_VolMeth=rv,10,999
2015-11-20,0.018180487586651393,0.0,0.0,0.01999610662872652,0.0,0.010688645888081145,0.018314781224722118,0.0,20,20260217_173907_gamma=10_sB=0.02_lB=0.02_Max_diff=0.05_VOL=Vol_scaler[20]_VolMeth=rv,10,999
2015-12-18,0.019906013850869465,0.0,0.0,0.007936628901363454,0.0,0.010499998068516184,0.019997961693420496,0.0,20,20260217_173907_gamma=10_sB=0.02_lB=0.02_Max_diff=0.05_VOL=Vol_scaler[20]_VolMeth=rv,10,999
2016-01-15,0.01961169157698367,0.0,1.8179511204266868e-06,0.0,0.0,0.019998652274982168,0.013023292058388881,0.0,20,20260217_173907_gamma=10_sB=0.02_lB=0.02_Max_diff=0.05_VOL=Vol_scaler[20]_VolMeth=rv,10,999
2016-02-19,0.019998604148133686,0.0,0.0,0.005149727851994182,0.0,0.010934173239282393,0.0199998763512887,0.0,20,20260217_173907_gamma=10_sB=0.02_lB=0.02_Max_diff=0.05_VOL=Vol_scaler[20]_VolMeth=rv,10,999
2016-03-18,0.019421640401205975,0.0,0.0,0.011735411790443073,0.0,0.006980998389593365,0.019999858594786736,0.0,20,20260217_173907_gamma=10_sB=0.02_lB=0.02_Max_diff=0.05_VOL=Vol_scaler[20]_VolMeth=rv,10,999
2016-04-15,0.011069171599598023,0.0,0.0,0.019999245263109703,0.0,0.01999886546377307,0.01204954554681045,0.0,20,20260217_173907_gamma=10_sB=0.02_lB=0.02_Max_diff=0.05_VOL=Vol_scaler[20]_VolMeth=rv,10,999
2016-05-20,2.1639271653912847e-06,0.0,0.0,0.01999895996263976,0.0,0.007556898035847197,0.015291899531485856,0.0,20,20260217_173907_gamma=10_sB=0.02_lB=0.02_Max_diff=0.05_VOL=Vol_scaler[20]_VolMeth=rv,10,999
2016-06-17,0.0,0.016738147750348265,0.0,0.015691766234109925,0.0,0.01999994106805314,0.002430108815245992,0.0,20,20260217_173907_gamma=10_sB=0.02_lB=0.02_Max_diff=0.05_VOL=Vol_scaler[20]_VolMeth=rv,10,999
2016-07-15,0.01999988317067683,0.0,0.0,7.578890410274886e-05,0.0,0.0,0.01999991487964855,0.0,20,20260217_173907_gamma=10_sB=0.02_lB=0.02_Max_diff=0.05_VOL=Vol_scaler[20]_VolMeth=rv,10,999
2016-08-19,0.0,0.0058267857552646496,0.0,0.019968088418787656,0.0,0.019999985663955316,0.0031084572979867622,0.0,20,20260217_173907_gamma=10_sB=0.02_lB=0.02_Max_diff=0.05_VOL=Vol_scaler[20]_VolMeth=rv,10,999
2016-09-16,0.019527935573986167,0.0,0.0,0.019995825337687144,0.0,0.019997977329605232,0.01999708748700852,0.0,20,20260217_173907_gamma=10_sB=0.02_lB=0.02_Max_diff=0.05_VOL=Vol_scaler[20]_VolMeth=rv,10,999
2016-10-21,9.618327173056915e-06,0.0,0.0,0.01760661553286232,0.0,0.015611855499685159,0.004178646386926251,0.0,20,20260217_173907_gamma=10_sB=0.02_lB=0.02_Max_diff=0.05_VOL=Vol_scaler[20]_VolMeth=rv,10,999
2016-11-18,0.014251676373448806,0.0,0.005829322495845201,0.0,0.0,0.011513430905649708,0.0036719192495883587,0.0,20,20260217_173907_gamma=10_sB=0.02_lB=0.02_Max_diff=0.05_VOL=Vol_scaler[20]_VolMeth=rv,10,999
2016-12-16,0.0012077820630842107,0.0,0.0,0.007001473273582886,0.0,0.009958461942020597,0.00579856015975671,0.0,20,20260217_173907_gamma=10_sB=0.02_lB=0.02_Max_diff=0.05_VOL=Vol_scaler[20]_VolMeth=rv,10,999
2017-01-20,0.003582210284428058,0.0,0.0,0.004424429635852045,0.0,0.019999827669000058,0.0016716869141703739,0.0,20,20260217_173907_gamma=10_sB=0.02_lB=0.02_Max_diff=0.05_VOL=Vol_scaler[20]_VolMeth=rv,10,999
2017-02-17,0.011299224004755639,0.0,0.003026267328554201,0.0,0.0,0.015802060624821184,0.00199600178084754,0.0,20,20260217_173907_gamma=10_sB=0.02_lB=0.02_Max_diff=0.05_VOL=Vol_scaler[20]_VolMeth=rv,10,999
2017-03-17,0.010656513405562758,0.0,0.0,0.0,0.0,0.013052995491943404,0.0032476104203228383,0.0,20,20260217_173907_gamma=10_sB=0.02_lB=0.02_Max_diff=0.05_VOL=Vol_scaler[20]_VolMeth=rv,10,999
2017-04-21,0.0,0.010319895517122575,0.0,0.019679492144829443,0.0,0.019999963763891234,0.0,0.0,20,20260217_173907_gamma=10_sB=0.02_lB=0.02_Max_diff=0.05_VOL=Vol_scaler[20]_VolMeth=rv,10,999
2017-05-19,0.01999988367685587,0.0,0.0,0.019998871300924172,0.0,0.019992307531083293,0.015341490399732434,0.0,20,20260217_173907_gamma=10_sB=0.02_lB=0.02_Max_diff=0.05_VOL=Vol_scaler[20]_VolMeth=rv,10,999
2017-06-16,0.0,0.010008965779901,0.0,0.019999835008063276,0.0,0.019999982704404007,1.5927929788006928e-05,0.0,20,20260217_173907_gamma=10_sB=0.02_lB=0.02_Max_diff=0.05_VOL=Vol_scaler[20]_VolMeth=rv,10,999
2017-07-21,0.019999656859281935,0.0,0.01529439493410019,0.0,0.0,0.008319836369751733,0.006612286336048268,0.0,20,20260217_173907_gamma=10_sB=0.02_lB=0.02_Max_diff=0.05_VOL=Vol_scaler[20]_VolMeth=rv,10,999
2017-08-18,0.01575766813942107,0.0,0.0,0.01999956709420706,0.0,0.01999910613622014,0.015337139931459937,0.0,20,20260217_173907_gamma=10_sB=0.02_lB=0.02_Max_diff=0.05_VOL=Vol_scaler[20]_VolMeth=rv,10,999
2017-09-15,0.017554819039495885,0.0,2.8336142427209572e-06,0.0,0.0,0.01999998590547788,0.007176217074210723,0.0,20,20260217_173907_gamma=10_sB=0.02_lB=0.02_Max_diff=0.05_VOL=Vol_scaler[20]_VolMeth=rv,10,999
2017-10-20,0.0,0.012209980425707537,0.0,0.015044259029679565,0.0,0.01999999321221105,0.0,1.701174972490228e-06,20,20260217_173907_gamma=10_sB=0.02_lB=0.02_Max_diff=0.05_VOL=Vol_scaler[20]_VolMeth=rv,10,999
2017-11-17,0.0,0.006706259131839598,0.0,0.01995335635393024,0.0,0.019999990329641365,0.0041671673350772,0.0,20,20260217_173907_gamma=10_sB=0.02_lB=0.02_Max_diff=0.05_VOL=Vol_scaler[20]_VolMeth=rv,10,999
2017-12-15,0.019999889026215866,0.0,0.009759312005988893,0.0,0.0,0.017953191151759397,0.0011419992607735277,0.0,20,20260217_173907_gamma=10_sB=0.02_lB=0.02_Max_diff=0.05_VOL=Vol_scaler[20]_VolMeth=rv,10,999
2018-01-19,0.01999961657368504,0.0,0.017312982034402014,0.0,0.0,0.01999978153309959,0.0014700711254720747,0.0,20,20260217_173907_gamma=10_sB=0.02_lB=0.02_Max_diff=0.05_VOL=Vol_scaler[20]_VolMeth=rv,10,999
2018-02-16,0.019999894325531484,0.0,0.0,0.0012302366948619967,0.0,0.0,0.01844042548833329,0.0,20,20260217_173907_gamma=10_sB=0.02_lB=0.02_Max_diff=0.05_VOL=Vol_scaler[20]_VolMeth=rv,10,999
2018-03-16,0.019999632087666443,0.0,0.0,1.6932914011284328e-06,0.0,0.010025379217492417,0.012715497703055781,0.0,20,20260217_173907_gamma=10_sB=0.02_lB=0.02_Max_diff=0.05_VOL=Vol_scaler[20]_VolMeth=rv,10,999
2018-04-20,0.019999889265613427,0.0,1.6254805857853047e-06,0.0,4.028817953801972e-05,0.0,0.019999902988054836,0.0,20,20260217_173907_gamma=10_sB=0.02_lB=0.02_Max_diff=0.05_VOL=Vol_scaler[20]_VolMeth=rv,10,999
2018-05-18,0.019999706946420056,0.0,6.476616534529573e-06,0.0,0.0,0.016342460223965908,0.008164638351418684,0.0,20,20260217_173907_gamma=10_sB=0.02_lB=0.02_Max_diff=0.05_VOL=Vol_scaler[20]_VolMeth=rv,10,999
2018-06-15,0.019999663450560593,0.0,0.0,0.0030291413060996707,0.0,0.017157509721048524,0.010680641180680898,0.0,20,20260217_173907_gamma=10_sB=0.02_lB=0.02_Max_diff=0.05_VOL=Vol_scaler[20]_VolMeth=rv,10,999
2018-07-20,0.01999976827841299,0.0,0.0,0.005865598849914985,0.0,0.012650148650739058,0.012452830004739552,0.0,20,20260217_173907_gamma=10_sB=0.02_lB=0.02_Max_diff=0.05_VOL=Vol_scaler[20]_VolMeth=rv,10,999
2018-08-17,0.019999661963624765,0.0,0.0,0.009797084781625304,0.0,0.019997501869740048,0.011693498708608474,0.0,20,20260217_173907_gamma=10_sB=0.02_lB=0.02_Max_diff=0.05_VOL=Vol_scaler[20]_VolMeth=rv,10,999
2018-09-21,0.01999980295189985,0.0,0.009588564416697531,0.0,0.0,0.01850151790692203,0.0030194011569831037,0.0,20,20260217_173907_gamma=10_sB=0.02_lB=0.02_Max_diff=0.05_VOL=Vol_scaler[20]_VolMeth=rv,10,999
2018-10-19,0.019999527000021854,0.0,0.0,0.005112596165940914,0.0,0.009226838020655444,0.01999993312055374,0.0,20,20260217_173907_gamma=10_sB=0.02_lB=0.02_Max_diff=0.05_VOL=Vol_scaler[20]_VolMeth=rv,10,999
2018-11-16,0.019999547288429047,0.0,0.0,0.0029157232470111835,0.0,0.005980367351295689,0.019999954387822084,0.0,20,20260217_173907_gamma=10_sB=0.02_lB=0.02_Max_diff=0.05_VOL=Vol_scaler[20]_VolMeth=rv,10,999
2018-12-21,0.011685089455121977,0.0,0.0,0.00800119442583592,0.0,0.01410974261497389,0.017385212640686785,0.0,20,20260217_173907_gamma=10_sB=0.02_lB=0.02_Max_diff=0.05_VOL=Vol_scaler[20]_VolMeth=rv,10,999
2019-01-18,0.01999984282212636,0.0,0.005280435585776669,0.0,0.004704501415437244,0.0,0.01999996629255736,0.0,20,20260217_173907_gamma=10_sB=0.02_lB=0.02_Max_diff=0.05_VOL=Vol_scaler[20]_VolMeth=rv,10,999
2019-02-15,0.0199995668672252,0.0,0.0,0.013810602200056917,0.0,0.01280419874284747,0.016970589426564237,0.0,20,20260217_173907_gamma=10_sB=0.02_lB=0.02_Max_diff=0.05_VOL=Vol_scaler[20]_VolMeth=rv,10,999
2019-03-15,0.019999284483170985,0.0,0.0,0.0005776687391178799,0.0,0.01677159230126417,0.0041887981362998695,0.0,20,20260217_173907_gamma=10_sB=0.02_lB=0.02_Max_diff=0.05_VOL=Vol_scaler[20]_VolMeth=rv,10,999
2019-04-18,0.0199998246444763,0.0,0.0,0.007493706699984856,0.0,0.016508732972421686,0.01349951583386133,0.0,20,20260217_173907_gamma=10_sB=0.02_lB=0.02_Max_diff=0.05_VOL=Vol_scaler[20]_VolMeth=rv,10,999
2019-05-17,0.017749387374595305,0.0,0.0,0.01999625109921223,0.0,0.01999947564675318,0.019999236763799295,0.0,20,20260217_173907_gamma=10_sB=0.02_lB=0.02_Max_diff=0.05_VOL=Vol_scaler[20]_VolMeth=rv,10,999
2019-06-21,0.019999621332535043,0.0,0.012587063427275186,0.0,0.0,0.008966895459866855,0.006891794305376151,0.0,20,20260217_173907_gamma=10_sB=0.02_lB=0.02_Max_diff=0.05_VOL=Vol_scaler[20]_VolMeth=rv,10,999
2019-07-19,0.0015851076714858928,0.0,0.0,0.019999286785830604,0.0,0.018163413772863287,0.008317600067227399,0.0,20,20260217_173907_gamma=10_sB=0.02_lB=0.02_Max_diff=0.05_VOL=Vol_scaler[20]_VolMeth=rv,10,999
2019-08-16,0.01999985631811011,0.0,0.0,0.008188164634936825,0.0,0.011335247194492346,0.019999971858351513,0.0,20,20260217_173907_gamma=10_sB=0.02_lB=0.02_Max_diff=0.05_VOL=Vol_scaler[20]_VolMeth=rv,10,999
2019-09-20,0.01999960676730023,0.0,0.0,0.019868823769397137,0.0,0.016179762559093504,0.019999907583909588,0.0,20,20260217_173907_gamma=10_sB=0.02_lB=0.02_Max_diff=0.05_VOL=Vol_scaler[20]_VolMeth=rv,10,999
2019-10-18,0.01999980995672747,0.0,0.0,0.016563200499759703,0.0,0.008520888813799789,0.019999957196434708,0.0,20,20260217_173907_gamma=10_sB=0.02_lB=0.02_Max_diff=0.05_VOL=Vol_scaler[20]_VolMeth=rv,10,999
2019-11-15,0.0,0.0046484925165251635,0.0,0.019972597798466985,0.0,0.019999916360602783,0.0,0.0,20,20260217_173907_gamma=10_sB=0.02_lB=0.02_Max_diff=0.05_VOL=Vol_scaler[20]_VolMeth=rv,10,999
2019-12-20,0.019999866157333592,0.0,0.0,0.0024258404515977673,0.0,0.01696273105927758,0.00877977267013634,0.0,20,20260217_173907_gamma=10_sB=0.02_lB=0.02_Max_diff=0.05_VOL=Vol_scaler[20]_VolMeth=rv,10,999
2020-01-17,0.005764201943252685,0.0,0.0,0.018171185252856735,0.0,0.01999984315900988,0.008233073696684015,0.0,20,20260217_173907_gamma=10_sB=0.02_lB=0.02_Max_diff=0.05_VOL=Vol_scaler[20]_VolMeth=rv,10,999
2020-02-21,0.01999875779732502,0.0,0.0,0.017255932800644764,0.0,0.014087819342559049,0.019999931427527477,0.0,20,20260217_173907_gamma=10_sB=0.02_lB=0.02_Max_diff=0.05_VOL=Vol_scaler[20]_VolMeth=rv,10,999
2020-03-20,0.019999411711096236,0.0,0.015463202945211332,0.0,0.004430045140482544,0.0,0.019999898089105444,0.0,20,20260217_173907_gamma=10_sB=0.02_lB=0.02_Max_diff=0.05_VOL=Vol_scaler[20]_VolMeth=rv,10,999
2020-04-17,0.01999989019445019,0.0,0.01148554386184228,0.0,0.007919563530248771,0.0,0.019999945993876864,0.0,20,20260217_173907_gamma=10_sB=0.02_lB=0.02_Max_diff=0.05_VOL=Vol_scaler[20]_VolMeth=rv,10,999
2020-05-15,0.013260607579606428,0.0,0.0,0.01648634774802855,0.0,0.019999937808841114,0.019999952201970646,0.0,20,20260217_173907_gamma=10_sB=0.02_lB=0.02_Max_diff=0.05_VOL=Vol_scaler[20]_VolMeth=rv,10,999
2020-06-19,0.01999967106429203,0.0,0.0,0.004839926800214392,0.0,0.019115909555340385,0.019999952418633286,0.0,20,20260217_173907_gamma=10_sB=0.02_lB=0.02_Max_diff=0.05_VOL=Vol_scaler[20]_VolMeth=rv,10,999
2020-07-17,0.010199990326727814,0.0,0.0,0.019974718603793004,0.0,0.01999988237451804,0.01999980790495253,0.0,20,20260217_173907_gamma=10_sB=0.02_lB=0.02_Max_diff=0.05_VOL=Vol_scaler[20]_VolMeth=rv,10,999
2020-08-21,0.0,0.0035940704939954695,0.0,0.01999544258949795,0.0,0.019999882772115507,0.005694858009152199,0.0,20,20260217_173907_gamma=10_sB=0.02_lB=0.02_Max_diff=0.05_VOL=Vol_scaler[20]_VolMeth=rv,10,999
2020-09-18,0.019998648398331743,0.0,0.0,0.010884267152071676,0.0,0.012382672654749039,0.019999916703039158,0.0,20,20260217_173907_gamma=10_sB=0.02_lB=0.02_Max_diff=0.05_VOL=Vol_scaler[20]_VolMeth=rv,10,999
2020-10-16,0.0,0.006780522460448517,0.0,0.019998183959708253,0.0,0.019999816087058198,0.01814548973266162,0.0,20,20260217_173907_gamma=10_sB=0.02_lB=0.02_Max_diff=0.05_VOL=Vol_scaler[20]_VolMeth=rv,10,999
2020-11-20,0.01999833087081287,0.0,0.0046802876407316275,0.0,0.0,0.007129254322015649,0.01999991669946148,0.0,20,20260217_173907_gamma=10_sB=0.02_lB=0.02_Max_diff=0.05_VOL=Vol_scaler[20]_VolMeth=rv,10,999
2020-12-18,0.0,0.006169835617797756,0.0,0.019999894671814605,0.0,0.019999898650212178,0.003663311755080032,0.0,20,20260217_173907_gamma=10_sB=0.02_lB=0.02_Max_diff=0.05_VOL=Vol_scaler[20]_VolMeth=rv,10,999
2021-01-15,0.0,0.018332654034155193,0.0,0.0028423837650142685,0.0,0.019999977440890368,0.0,0.008824946592129979,20,20260217_173907_gamma=10_sB=0.02_lB=0.02_Max_diff=0.05_VOL=Vol_scaler[20]_VolMeth=rv,10,999
2021-02-19,0.01999994167886476,0.0,0.0,0.011368204145020665,0.0,0.01999771651470576,0.019999957728938415,0.0,20,20260217_173907_gamma=10_sB=0.02_lB=0.02_Max_diff=0.05_VOL=Vol_scaler[20]_VolMeth=rv,10,999
2021-03-19,0.01999978939865144,0.0,0.0,0.0030862892672554086,0.0,0.012924532657193597,0.019999917331973507,0.0,20,20260217_173907_gamma=10_sB=0.02_lB=0.02_Max_diff=0.05_VOL=Vol_scaler[20]_VolMeth=rv,10,999
2021-04-16,0.018830064405258265,0.0,1.7463072907102343e-06,0.0,0.0,0.019999648212708894,0.00844429185727918,0.0,20,20260217_173907_gamma=10_sB=0.02_lB=0.02_Max_diff=0.05_VOL=Vol_scaler[20]_VolMeth=rv,10,999
2021-05-21,0.016201114626975162,0.0,0.0,0.019999835609136606,0.0,0.019999648017870842,0.0199998227769203,0.0,20,20260217_173907_gamma=10_sB=0.02_lB=0.02_Max_diff=0.05_VOL=Vol_scaler[20]_VolMeth=rv,10,999
2021-06-17,0.0,0.01589653437737985,0.0,0.01410325798136308,0.0,0.019999989580900004,0.0,0.0,20,20260217_173907_gamma=10_sB=0.02_lB=0.02_Max_diff=0.05_VOL=Vol_scaler[20]_VolMeth=rv,10,999
2021-07-16,0.0,6.482113477915359e-06,0.0,0.01999995107801445,0.0,0.0199999201981791,0.010350251369734189,0.0,20,20260217_173907_gamma=10_sB=0.02_lB=0.02_Max_diff=0.05_VOL=Vol_scaler[20]_VolMeth=rv,10,999
2021-08-20,0.0,0.011472947624113555,0.0,0.019999947124795765,0.0,0.019999963255464225,0.00497077607845168,0.0,20,20260217_173907_gamma=10_sB=0.02_lB=0.02_Max_diff=0.05_VOL=Vol_scaler[20]_VolMeth=rv,10,999
2021-09-17,0.0,0.015656014455252654,0.0,0.019999823123956487,0.0,0.019999959776657947,0.0056594867365428675,0.0,20,20260217_173907_gamma=10_sB=0.02_lB=0.02_Max_diff=0.05_VOL=Vol_scaler[20]_VolMeth=rv,10,999
2021-10-15,0.019999927108369103,0.0,0.0,0.007865420961606693,0.0,0.015344771096378709,0.014411500714727304,0.0,20,20260217_173907_gamma=10_sB=0.02_lB=0.02_Max_diff=0.05_VOL=Vol_scaler[20]_VolMeth=rv,10,999
2021-11-19,0.0,0.010443235877568086,0.0,0.018136187186121887,0.0,0.019999989183725152,0.0,0.0014196968799830712,20,20260217_173907_gamma=10_sB=0.02_lB=0.02_Max_diff=0.05_VOL=Vol_scaler[20]_VolMeth=rv,10,999
2021-12-17,0.019999882581376128,0.0,0.0,0.018841373510669068,0.0,0.017024139334479278,0.019999977902120398,0.0,20,20260217_173907_gamma=10_sB=0.02_lB=0.02_Max_diff=0.05_VOL=Vol_scaler[20]_VolMeth=rv,10,999
2022-01-21,0.0,0.010050480743664422,0.0,0.019999842493095554,0.0,0.01999988610528966,0.009287156121584768,0.0,20,20260217_173907_gamma=10_sB=0.02_lB=0.02_Max_diff=0.05_VOL=Vol_scaler[20]_VolMeth=rv,10,999
2022-02-18,0.01609125516171573,0.0,0.0,0.016502899497389402,0.0,0.019999761204820287,0.019999897922985746,0.0,20,20260217_173907_gamma=10_sB=0.02_lB=0.02_Max_diff=0.05_VOL=Vol_scaler[20]_VolMeth=rv,10,999
2022-03-18,0.019999945208810457,0.0,0.0,1.3920177846158786e-06,0.0,0.005601164106552854,0.019999979635639178,0.0,20,20260217_173907_gamma=10_sB=0.02_lB=0.02_Max_diff=0.05_VOL=Vol_scaler[20]_VolMeth=rv,10,999
2022-04-14,0.009636832928703246,0.0,0.0,0.019994775047069167,0.0,0.019998970280426014,0.01730000331210495,0.0,20,20260217_173907_gamma=10_sB=0.02_lB=0.02_Max_diff=0.05_VOL=Vol_scaler[20]_VolMeth=rv,10,999
2022-05-20,0.018870249679308594,0.0,0.00913857324330962,0.0,0.0,0.0,0.01999984430107436,0.0,20,20260217_173907_gamma=10_sB=0.02_lB=0.02_Max_diff=0.05_VOL=Vol_scaler[20]_VolMeth=rv,10,999
2022-06-17,0.003641044089611753,0.0,0.0,1.1921192254399261e-05,0.005494027300348299,0.0,0.019998150618021782,0.0,20,20260217_173907_gamma=10_sB=0.02_lB=0.02_Max_diff=0.05_VOL=Vol_scaler[20]_VolMeth=rv,10,999
2022-07-15,0.019998919728421397,0.0,0.0,0.008976067930159544,0.0,0.016706888164106305,0.019999719744314,0.0,20,20260217_173907_gamma=10_sB=0.02_lB=0.02_Max_diff=0.05_VOL=Vol_scaler[20]_VolMeth=rv,10,999
2022-08-19,0.015546917518885364,0.0,0.0,0.004622927790795339,0.0,0.0056937380630835,0.019999453051479276,0.0,20,20260217_173907_gamma=10_sB=0.02_lB=0.02_Max_diff=0.05_VOL=Vol_scaler[20]_VolMeth=rv,10,999
2022-09-16,0.01149832859656373,0.0,0.0,0.01563614365401714,0.0,0.011548094551253128,0.019999881125569646,0.0,20,20260217_173907_gamma=10_sB=0.02_lB=0.02_Max_diff=0.05_VOL=Vol_scaler[20]_VolMeth=rv,10,999
2022-10-21,0.007220144838579282,0.0,0.0,0.004744777262399204,0.0,3.6697297485895236e-05,0.019999564251505335,0.0,20,20260217_173907_gamma=10_sB=0.02_lB=0.02_Max_diff=0.05_VOL=Vol_scaler[20]_VolMeth=rv,10,999
2022-11-18,0.0,1.0521929884145675e-05,0.002151725408557312,0.0,0.013210379011492416,0.0,0.019999909120817685,0.0,20,20260217_173907_gamma=10_sB=0.02_lB=0.02_Max_diff=0.05_VOL=Vol_scaler[20]_VolMeth=rv,10,999
2022-12-16,0.0,0.006349930844929839,0.0,0.013661549690676737,0.0,1.5238467220462747e-05,0.019994830097388738,0.0,20,20260217_173907_gamma=10_sB=0.02_lB=0.02_Max_diff=0.05_VOL=Vol_scaler[20]_VolMeth=rv,10,999
2023-01-20,0.0,0.0,0.0,0.009761559876753296,0.0,3.072798694782985e-05,0.0199977149046024,0.0,20,20260217_173907_gamma=10_sB=0.02_lB=0.02_Max_diff=0.05_VOL=Vol_scaler[20]_VolMeth=rv,10,999
2023-02-17,0.013821102355321266,0.0,0.0,0.012389366606431597,0.0,0.014486852043380271,0.016351991558262943,0.0,20,20260217_173907_gamma=10_sB=0.02_lB=0.02_Max_diff=0.05_VOL=Vol_scaler[20]_VolMeth=rv,10,999
2023-03-17,0.00841065163900604,0.0,0.0,0.019999656679286857,0.0,0.019999614353956325,0.009336651033364939,0.0,20,20260217_173907_gamma=10_sB=0.02_lB=0.02_Max_diff=0.05_VOL=Vol_scaler[20]_VolMeth=rv,10,999
2023-04-21,0.007835715047569311,0.0,0.0,0.01999446162067063,0.0,0.01999983211089783,0.005248698985766648,0.0,20,20260217_173907_gamma=10_sB=0.02_lB=0.02_Max_diff=0.05_VOL=Vol_scaler[20]_VolMeth=rv,10,999
2023-05-19,0.01999959486338931,0.0,0.0,0.01859404784509393,0.0,0.01217421146595613,0.019884661045263867,0.0,20,20260217_173907_gamma=10_sB=0.02_lB=0.02_Max_diff=0.05_VOL=Vol_scaler[20]_VolMeth=rv,10,999
2023-06-16,0.019884808805530185,0.0,0.0,0.005649553095135579,0.0,0.010927194441397595,0.012702003726173548,0.0,20,20260217_173907_gamma=10_sB=0.02_lB=0.02_Max_diff=0.05_VOL=Vol_scaler[20]_VolMeth=rv,10,999
2023-07-21,0.012287097006938804,0.0,0.005785157770318737,0.0,0.0,0.0077730722460107255,0.003978077445948024,0.0,20,20260217_173907_gamma=10_sB=0.02_lB=0.02_Max_diff=0.05_VOL=Vol_scaler[20]_VolMeth=rv,10,999
2023-08-18,0.010538997029596785,0.0,0.0,0.01999953402294998,0.0,0.01999948846009707,0.008167569163188455,0.0,20,20260217_173907_gamma=10_sB=0.02_lB=0.02_Max_diff=0.05_VOL=Vol_scaler[20]_VolMeth=rv,10,999
2023-09-15,0.019999730548640404,0.0,0.0,0.019997029611964277,0.0,0.013057858753406277,0.017762643863884507,0.0,20,20260217_173907_gamma=10_sB=0.02_lB=0.02_Max_diff=0.05_VOL=Vol_scaler[20]_VolMeth=rv,10,999
2023-10-20,0.004302809038702431,0.0,0.0,0.01999948147157546,0.0,0.01999963248647663,0.013679216989385701,0.0,20,20260217_173907_gamma=10_sB=0.02_lB=0.02_Max_diff=0.05_VOL=Vol_scaler[20]_VolMeth=rv,10,999
2023-11-17,0.0199998991200029,0.0,0.006188982451969901,0.0,0.0,0.0014956190590892525,0.015606153196910829,0.0,20,20260217_173907_gamma=10_sB=0.02_lB=0.02_Max_diff=0.05_VOL=Vol_scaler[20]_VolMeth=rv,10,999
2023-12-15,0.004468743384633066,0.0,0.0,4.9725344442815086e-05,0.0,0.013360141122518383,0.0,0.007107669608635737,20,20260217_173907_gamma=10_sB=0.02_lB=0.02_Max_diff=0.05_VOL=Vol_scaler[20]_VolMeth=rv,10,999
2024-01-19,0.019905599276281574,0.0,0.0,1.4322140681802721e-06,0.0,0.006825373876077274,0.008693079297054727,0.0,20,20260217_173907_gamma=10_sB=0.02_lB=0.02_Max_diff=0.05_VOL=Vol_scaler[20]_VolMeth=rv,10,999
2024-02-16,0.019994186051499687,0.0,0.019999133216207502,0.0,0.0,0.005637237464186528,0.0036251769564485956,0.0,20,20260217_173907_gamma=10_sB=0.02_lB=0.02_Max_diff=0.05_VOL=Vol_scaler[20]_VolMeth=rv,10,999
2024-03-15,0.01806013792774396,0.0,0.0038363860731940283,0.0,0.0,0.011718725234039233,0.004024729169312642,0.0,20,20260217_173907_gamma=10_sB=0.02_lB=0.02_Max_diff=0.05_VOL=Vol_scaler[20]_VolMeth=rv,10,999
2024-04-19,0.0,0.0034437191220268513,0.0,0.011694488894369848,0.0,0.0085362472160079,0.003991968715140678,0.0,20,20260217_173907_gamma=10_sB=0.02_lB=0.02_Max_diff=0.05_VOL=Vol_scaler[20]_VolMeth=rv,10,999
2024-05-17,0.01999946412809937,0.0,0.0,0.0,0.0,0.005608069918277669,0.015350485000618185,0.0,20,20260217_173907_gamma=10_sB=0.02_lB=0.02_Max_diff=0.05_VOL=Vol_scaler[20]_VolMeth=rv,10,999
2024-06-21,0.005635253249420398,0.0,0.0,0.003308186771023537,0.0,0.006001233729171296,0.0,0.0,20,20260217_173907_gamma=10_sB=0.02_lB=0.02_Max_diff=0.05_VOL=Vol_scaler[20]_VolMeth=rv,10,999
2024-07-19,0.009818877720312012,0.0,0.0,0.019083021285381464,0.0,0.019999762387418275,0.006139222374679209,0.0,20,20260217_173907_gamma=10_sB=0.02_lB=0.02_Max_diff=0.05_VOL=Vol_scaler[20]_VolMeth=rv,10,999
2024-08-16,0.019999895660041914,0.0,0.008184847271269268,0.0,0.0025969492824180424,0.0,0.019999955099155118,0.0,20,20260217_173907_gamma=10_sB=0.02_lB=0.02_Max_diff=0.05_VOL=Vol_scaler[20]_VolMeth=rv,10,999
2024-09-20,0.019999908460625448,0.0,0.0,0.005874482878685405,0.0,0.008574607181069805,0.0199996574115181,0.0,20,20260217_173907_gamma=10_sB=0.02_lB=0.02_Max_diff=0.05_VOL=Vol_scaler[20]_VolMeth=rv,10,999
2024-10-18,0.002150286689399085,0.0,0.0,0.013605405322135125,0.0,0.019999871028283326,0.0,0.0,20,20260217_173907_gamma=10_sB=0.02_lB=0.02_Max_diff=0.05_VOL=Vol_scaler[20]_VolMeth=rv,10,999
2024-11-15,0.019999668442778906,0.0,0.0,0.016243513539026113,0.0,0.014314175215726097,0.019999765763308076,0.0,20,20260217_173907_gamma=10_sB=0.02_lB=0.02_Max_diff=0.05_VOL=Vol_scaler[20]_VolMeth=rv,10,999
2024-12-20,0.019999797215155282,0.0,0.0,0.01679910068361185,0.0,0.01538665644116626,0.019999891338538415,0.0,20,20260217_173907_gamma=10_sB=0.02_lB=0.02_Max_diff=0.05_VOL=Vol_scaler[20]_VolMeth=rv,10,999
2025-01-17,0.019998801986089876,0.0,0.005058318360161698,0.0,0.0,0.002803437105726122,0.019999916549908004,0.0,20,20260217_173907_gamma=10_sB=0.02_lB=0.02_Max_diff=0.05_VOL=Vol_scaler[20]_VolMeth=rv,10,999
2025-02-21,0.019999778233920615,0.0,0.0,0.019998395967769648,0.0,0.018071306486499735,0.01770208641384182,0.0,20,20260217_173907_gamma=10_sB=0.02_lB=0.02_Max_diff=0.05_VOL=Vol_scaler[20]_VolMeth=rv,10,999
2025-03-21,0.01999966649968479,0.0,0.0,0.006814774831444287,0.0,0.005818145764049922,0.019999781051002946,0.0,20,20260217_173907_gamma=10_sB=0.02_lB=0.02_Max_diff=0.05_VOL=Vol_scaler[20]_VolMeth=rv,10,999
2025-04-17,0.019999867432375175,0.0,0.018011987456741714,0.0,0.008463975511910278,0.0,0.01999995784641415,0.0,20,20260217_173907_gamma=10_sB=0.02_lB=0.02_Max_diff=0.05_VOL=Vol_scaler[20]_VolMeth=rv,10,999
2025-05-16,0.019999688343902526,0.0,0.0,0.0003824990600373064,0.0,0.0020670115217633223,0.019999925944620207,0.0,20,20260217_173907_gamma=10_sB=0.02_lB=0.02_Max_diff=0.05_VOL=Vol_scaler[20]_VolMeth=rv,10,999
2025-06-20,0.012272673486590523,0.0,0.0,0.019999562248632505,0.0,0.019999938420501455,0.012698610287556698,0.0,20,20260217_173907_gamma=10_sB=0.02_lB=0.02_Max_diff=0.05_VOL=Vol_scaler[20]_VolMeth=rv,10,999
2025-07-18,0.011793322545664387,0.0,0.0,0.014032995657811229,0.0,0.019999819930547235,0.0007727057658308761,0.0,20,20260217_173907_gamma=10_sB=0.02_lB=0.02_Max_diff=0.05_VOL=Vol_scaler[20]_VolMeth=rv,10,999
2025-08-15,0.012152411039850196,0.0,0.0,0.007340203649335522,0.0,0.019999827998396922,0.008144597677840884,0.0,20,20260217_173907_gamma=10_sB=0.02_lB=0.02_Max_diff=0.05_VOL=Vol_scaler[20]_VolMeth=rv,10,999
2025-09-19,0.01999942762735413,0.0,0.005432200970478864,0.0,0.0,0.01940635066304384,0.0,0.0,20,20260217_173907_gamma=10_sB=0.02_lB=0.02_Max_diff=0.05_VOL=Vol_scaler[20]_VolMeth=rv,10,999
2025-10-17,0.009770891618430992,0.0,0.0,0.019999489540462045,0.0,0.01999993430996689,0.012565995870541703,0.0,20,20260217_173907_gamma=10_sB=0.02_lB=0.02_Max_diff=0.05_VOL=Vol_scaler[20]_VolMeth=rv,10,999
2025-11-21,0.01822867497706932,0.0,0.0,0.01999970314076476,0.0,0.01999981146970028,0.013137156167935295,0.0,20,20260217_173907_gamma=10_sB=0.02_lB=0.02_Max_diff=0.05_VOL=Vol_scaler[20]_VolMeth=rv,10,999
2013-04-19,0.018454199101763394,0.0,0.0,0.0,0.0,0.009510881800040262,0.010737755561154841,0.0,30,20260217_173959_gamma=10_sB=0.02_lB=0.02_Max_diff=0.05_VOL=Vol_scaler[30]_VolMeth=rv,10,999
2013-05-17,0.015496181333244721,0.0,0.008652490565154937,0.0,0.0,0.004947396345360128,0.009145585269680501,0.0,30,20260217_173959_gamma=10_sB=0.02_lB=0.02_Max_diff=0.05_VOL=Vol_scaler[30]_VolMeth=rv,10,999
2013-06-21,0.0,0.0,0.0,0.016110179365785612,0.0,0.0022896388663996756,0.019342744668372144,0.0,30,20260217_173959_gamma=10_sB=0.02_lB=0.02_Max_diff=0.05_VOL=Vol_scaler[30]_VolMeth=rv,10,999
2013-07-19,0.018214129277343276,0.0,0.0,0.0,0.0,0.003663857884168656,0.018536598558648663,0.0,30,20260217_173959_gamma=10_sB=0.02_lB=0.02_Max_diff=0.05_VOL=Vol_scaler[30]_VolMeth=rv,10,999
2013-08-16,0.0,0.00872577004385566,0.0,0.01998028671034099,0.0,0.019999818000514778,0.004228560188715937,0.0,30,20260217_173959_gamma=10_sB=0.02_lB=0.02_Max_diff=0.05_VOL=Vol_scaler[30]_VolMeth=rv,10,999
2013-09-20,0.016612480004187937,0.0,0.0,0.0,0.0,0.01034878101462257,0.01191108384732857,0.0,30,20260217_173959_gamma=10_sB=0.02_lB=0.02_Max_diff=0.05_VOL=Vol_scaler[30]_VolMeth=rv,10,999
2013-10-18,0.015554330574958137,0.0,0.01999932094296909,0.0,0.0,0.0012962871038197325,0.006327274489432872,0.0,30,20260217_173959_gamma=10_sB=0.02_lB=0.02_Max_diff=0.05_VOL=Vol_scaler[30]_VolMeth=rv,10,999
2013-11-15,0.008126586301164222,0.0,0.0,1.5461859736117245e-05,2.679917444711833e-06,0.0,0.012790356247329117,0.0,30,20260217_173959_gamma=10_sB=0.02_lB=0.02_Max_diff=0.05_VOL=Vol_scaler[30]_VolMeth=rv,10,999
2013-12-20,0.019999662592029135,0.0,0.0,0.0,0.0,0.010802214196250215,0.012084743969241859,0.0,30,20260217_173959_gamma=10_sB=0.02_lB=0.02_Max_diff=0.05_VOL=Vol_scaler[30]_VolMeth=rv,10,999
2014-01-17,0.01144419851573279,0.0,0.0,0.0,0.0,0.012830474568568926,0.009809491816182821,0.0,30,20260217_173959_gamma=10_sB=0.02_lB=0.02_Max_diff=0.05_VOL=Vol_scaler[30]_VolMeth=rv,10,999
2014-02-21,0.019999754865947128,0.0,0.003223794567536652,0.0,0.0,0.007868443713725382,0.009243675928921056,0.0,30,20260217_173959_gamma=10_sB=0.02_lB=0.02_Max_diff=0.05_VOL=Vol_scaler[30]_VolMeth=rv,10,999
2014-03-21,0.01895038228474153,0.0,0.0,0.0,0.0,0.016635291630767008,0.009104450524783146,0.0,30,20260217_173959_gamma=10_sB=0.02_lB=0.02_Max_diff=0.05_VOL=Vol_scaler[30]_VolMeth=rv,10,999
2014-04-17,0.0027178406047036726,0.0,0.0,0.015264109867274849,0.0,0.00264407767284584,0.019998924230016302,0.0,30,20260217_173959_gamma=10_sB=0.02_lB=0.02_Max_diff=0.05_VOL=Vol_scaler[30]_VolMeth=rv,10,999
2014-05-16,0.013258017538983684,0.0,0.005767850795352546,0.0,0.0,0.005852133598752538,0.0044579994934679625,0.0,30,20260217_173959_gamma=10_sB=0.02_lB=0.02_Max_diff=0.05_VOL=Vol_scaler[30]_VolMeth=rv,10,999
2014-06-20,0.01999903768750345,0.0,0.0058287508354525576,0.0,0.0,0.01573764228932453,0.006468665988710071,0.0,30,20260217_173959_gamma=10_sB=0.02_lB=0.02_Max_diff=0.05_VOL=Vol_scaler[30]_VolMeth=rv,10,999
2014-07-18,0.004466611573323964,0.0,0.0,0.003743685812194094,0.0,0.011827072542303247,0.006978928162870506,0.0,30,20260217_173959_gamma=10_sB=0.02_lB=0.02_Max_diff=0.05_VOL=Vol_scaler[30]_VolMeth=rv,10,999
2014-08-15,0.019999661184875162,0.0,1.1207493424034742e-05,0.0,0.0,0.01799823970246122,0.0025757293574308303,0.0,30,20260217_173959_gamma=10_sB=0.02_lB=0.02_Max_diff=0.05_VOL=Vol_scaler[30]_VolMeth=rv,10,999
2014-09-19,0.019999452668307657,0.0,0.001957595683234793,0.0,0.0,0.01891779239494465,0.004079906701836081,0.0,30,20260217_173959_gamma=10_sB=0.02_lB=0.02_Max_diff=0.05_VOL=Vol_scaler[30]_VolMeth=rv,10,999
2014-10-17,0.004979802664941837,0.0,0.0,0.019997525958700482,0.0,0.01999852687169038,0.01920932593097606,0.0,30,20260217_173959_gamma=10_sB=0.02_lB=0.02_Max_diff=0.05_VOL=Vol_scaler[30]_VolMeth=rv,10,999
2014-11-21,0.019220391762103772,0.0,0.0,0.0,0.0,0.008663741082918187,0.01042170493227711,0.0,30,20260217_173959_gamma=10_sB=0.02_lB=0.02_Max_diff=0.05_VOL=Vol_scaler[30]_VolMeth=rv,10,999
2014-12-19,0.01909006773455334,0.0,0.0,0.016834462223748736,0.0,0.010774815099759456,0.019998343239166393,0.0,30,20260217_173959_gamma=10_sB=0.02_lB=0.02_Max_diff=0.05_VOL=Vol_scaler[30]_VolMeth=rv,10,999
2015-01-16,0.019998134182329434,0.0,0.0,0.011784831283569558,0.0,0.017748439196608363,0.019999845369447815,0.0,30,20260217_173959_gamma=10_sB=0.02_lB=0.02_Max_diff=0.05_VOL=Vol_scaler[30]_VolMeth=rv,10,999
2015-02-20,0.01999975599885355,0.0,0.0,0.006767668884117317,0.0,0.0039431053662742415,0.018561294358278035,0.0,30,20260217_173959_gamma=10_sB=0.02_lB=0.02_Max_diff=0.05_VOL=Vol_scaler[30]_VolMeth=rv,10,999
2015-03-20,0.01999985918763244,0.0,0.0,0.009325888455548912,0.0,0.01224785304185476,0.015425509630394121,0.0,30,20260217_173959_gamma=10_sB=0.02_lB=0.02_Max_diff=0.05_VOL=Vol_scaler[30]_VolMeth=rv,10,999
2015-04-17,0.019920809776118983,0.0,0.0,0.007731021929289777,0.0,0.008995770720919694,0.019999354498776243,0.0,30,20260217_173959_gamma=10_sB=0.02_lB=0.02_Max_diff=0.05_VOL=Vol_scaler[30]_VolMeth=rv,10,999
2015-05-15,0.013526794945738092,0.0,0.0,0.019999144390273452,0.0,0.01996936501321423,0.014646645068362732,0.0,30,20260217_173959_gamma=10_sB=0.02_lB=0.02_Max_diff=0.05_VOL=Vol_scaler[30]_VolMeth=rv,10,999
2015-06-19,0.014585886351455843,0.0,0.0,0.007076405739333282,0.0,0.019998755251036792,0.011662161227114902,0.0,30,20260217_173959_gamma=10_sB=0.02_lB=0.02_Max_diff=0.05_VOL=Vol_scaler[30]_VolMeth=rv,10,999
2015-07-17,0.019999662494753358,0.0,0.004931584385284346,0.0,0.0,0.011185161963064143,0.007604469347039133,0.0,30,20260217_173959_gamma=10_sB=0.02_lB=0.02_Max_diff=0.05_VOL=Vol_scaler[30]_VolMeth=rv,10,999
2015-08-21,3.9324422054116186e-06,0.0,0.0,0.01002869154471112,0.0,0.018068941333126053,1.1693260956765996e-06,0.0,30,20260217_173959_gamma=10_sB=0.02_lB=0.02_Max_diff=0.05_VOL=Vol_scaler[30]_VolMeth=rv,10,999
2015-09-18,0.019999721378846685,0.0,0.005389115921330616,0.0,0.0,0.0011996333230387551,0.01999996312966147,0.0,30,20260217_173959_gamma=10_sB=0.02_lB=0.02_Max_diff=0.05_VOL=Vol_scaler[30]_VolMeth=rv,10,999
2015-10-16,0.01999989887801287,0.0,0.0,0.0053889607709952485,0.0,0.003301526948826359,0.019999969695456907,0.0,30,20260217_173959_gamma=10_sB=0.02_lB=0.02_Max_diff=0.05_VOL=Vol_scaler[30]_VolMeth=rv,10,999
2015-11-20,0.019257015242048165,0.0,0.0,0.01999743523607302,0.0,0.010398277779827535,0.018960565704288664,0.0,30,20260217_173959_gamma=10_sB=0.02_lB=0.02_Max_diff=0.05_VOL=Vol_scaler[30]_VolMeth=rv,10,999
2015-12-18,0.016056705903383352,0.0,0.0,0.010761021180156356,0.0,0.009884580395753335,0.019996056377870733,0.0,30,20260217_173959_gamma=10_sB=0.02_lB=0.02_Max_diff=0.05_VOL=Vol_scaler[30]_VolMeth=rv,10,999
2016-01-15,0.016853855908460967,0.0,0.0,0.0,0.0,0.019999551446546325,0.011206209465575876,0.0,30,20260217_173959_gamma=10_sB=0.02_lB=0.02_Max_diff=0.05_VOL=Vol_scaler[30]_VolMeth=rv,10,999
2016-02-19,0.019999849170406744,0.0,0.0,0.003551172276289474,0.0,0.009011890911834252,0.019999956849565032,0.0,30,20260217_173959_gamma=10_sB=0.02_lB=0.02_Max_diff=0.05_VOL=Vol_scaler[30]_VolMeth=rv,10,999
2016-03-18,0.019997075487112742,0.0,0.0,0.010121085448798318,0.0,0.0032467156232733213,0.01999995808305314,0.0,30,20260217_173959_gamma=10_sB=0.02_lB=0.02_Max_diff=0.05_VOL=Vol_scaler[30]_VolMeth=rv,10,999
2016-04-15,0.015315804806346624,0.0,0.0,0.019997406582240865,0.0,0.0199939607148212,0.013674562239716219,0.0,30,20260217_173959_gamma=10_sB=0.02_lB=0.02_Max_diff=0.05_VOL=Vol_scaler[30]_VolMeth=rv,10,999
2016-05-20,0.0,0.0011954037099214613,0.0,0.019971582855740348,0.0,0.00894180191940307,0.01311120234656854,0.0,30,20260217_173959_gamma=10_sB=0.02_lB=0.02_Max_diff=0.05_VOL=Vol_scaler[30]_VolMeth=rv,10,999
2016-06-17,0.0,0.01397733997574982,0.0,0.019999536147441342,0.0,0.01999989622533571,0.003987723945541603,0.0,30,20260217_173959_gamma=10_sB=0.02_lB=0.02_Max_diff=0.05_VOL=Vol_scaler[30]_VolMeth=rv,10,999
2016-07-15,0.019999746911587405,0.0,0.0,0.0013944661178505696,0.0,0.003357869631209895,0.019999880254449865,0.0,30,20260217_173959_gamma=10_sB=0.02_lB=0.02_Max_diff=0.05_VOL=Vol_scaler[30]_VolMeth=rv,10,999
2016-08-19,2.251254184379577e-05,0.0,0.0,0.015234895770142219,0.0,0.01999987959325129,0.004053713806806861,0.0,30,20260217_173959_gamma=10_sB=0.02_lB=0.02_Max_diff=0.05_VOL=Vol_scaler[30]_VolMeth=rv,10,999
2016-09-16,0.007617085386291731,0.0,0.0,0.01999925947910971,0.0,0.019999905519953284,0.015175639171101749,0.0,30,20260217_173959_gamma=10_sB=0.02_lB=0.02_Max_diff=0.05_VOL=Vol_scaler[30]_VolMeth=rv,10,999
2016-10-21,0.013290509380594853,0.0,0.0,0.007099900824379981,0.0,0.013921961983972624,0.005082602950217709,0.0,30,20260217_173959_gamma=10_sB=0.02_lB=0.02_Max_diff=0.05_VOL=Vol_scaler[30]_VolMeth=rv,10,999
2016-11-18,0.010942731235598394,0.0,0.003972993759089808,0.0,0.0,0.012640090249328374,0.0029861016337767977,0.0,30,20260217_173959_gamma=10_sB=0.02_lB=0.02_Max_diff=0.05_VOL=Vol_scaler[30]_VolMeth=rv,10,999
2016-12-16,0.011867815777664863,0.0,0.0,0.006706114970700969,0.0,0.0074549784106952306,0.014268549724955639,0.0,30,20260217_173959_gamma=10_sB=0.02_lB=0.02_Max_diff=0.05_VOL=Vol_scaler[30]_VolMeth=rv,10,999
2017-01-20,0.01586781351948874,0.0,0.0,0.0,0.0,0.019999576544265266,0.0050979403923537255,0.0,30,20260217_173959_gamma=10_sB=0.02_lB=0.02_Max_diff=0.05_VOL=Vol_scaler[30]_VolMeth=rv,10,999
2017-02-17,0.007040347526905087,0.0,1.16904710904732e-06,0.0,0.0,0.01821506130099618,1.2266788424098155e-06,0.0,30,20260217_173959_gamma=10_sB=0.02_lB=0.02_Max_diff=0.05_VOL=Vol_scaler[30]_VolMeth=rv,10,999
2017-03-17,0.010128612615784509,0.0,0.0,0.0,0.0,0.013656843934815257,0.002598811863195388,0.0,30,20260217_173959_gamma=10_sB=0.02_lB=0.02_Max_diff=0.05_VOL=Vol_scaler[30]_VolMeth=rv,10,999
2017-04-21,0.0,0.010390822090315313,0.0,0.019998382508315177,0.0,0.019999937109496733,0.0006650709033448229,0.0,30,20260217_173959_gamma=10_sB=0.02_lB=0.02_Max_diff=0.05_VOL=Vol_scaler[30]_VolMeth=rv,10,999
2017-05-19,0.018662917885882858,0.0,0.0,0.019989942552363235,0.0,0.019999758894193552,0.014601124920769646,0.0,30,20260217_173959_gamma=10_sB=0.02_lB=0.02_Max_diff=0.05_VOL=Vol_scaler[30]_VolMeth=rv,10,999
2017-06-16,0.015285928941864473,0.0,0.0,0.018646442779348026,0.0,0.01999978977704519,0.010049908578772339,0.0,30,20260217_173959_gamma=10_sB=0.02_lB=0.02_Max_diff=0.05_VOL=Vol_scaler[30]_VolMeth=rv,10,999
2017-07-21,0.019999895509128448,0.0,0.015751487470545552,0.0,0.0,0.009946919850119956,0.005836626030277213,0.0,30,20260217_173959_gamma=10_sB=0.02_lB=0.02_Max_diff=0.05_VOL=Vol_scaler[30]_VolMeth=rv,10,999
2017-08-18,0.006151438986945565,0.0,0.0,0.019999771281674347,0.0,0.0199998529156522,0.011915334824420332,0.0,30,20260217_173959_gamma=10_sB=0.02_lB=0.02_Max_diff=0.05_VOL=Vol_scaler[30]_VolMeth=rv,10,999
2017-09-15,0.019999908813956142,0.0,2.36567324742954e-05,0.0,0.0,0.014683211151142968,0.009022319006744925,0.0,30,20260217_173959_gamma=10_sB=0.02_lB=0.02_Max_diff=0.05_VOL=Vol_scaler[30]_VolMeth=rv,10,999
2017-10-20,0.004599597680671601,0.0,0.0,0.00027831949350703777,0.0,0.019999980726615033,0.001394613211143202,0.0,30,20260217_173959_gamma=10_sB=0.02_lB=0.02_Max_diff=0.05_VOL=Vol_scaler[30]_VolMeth=rv,10,999
2017-11-17,0.0,0.01485056401430165,0.0,0.016087070125148015,0.0,0.019999966407442754,0.0009440926728129277,0.0,30,20260217_173959_gamma=10_sB=0.02_lB=0.02_Max_diff=0.05_VOL=Vol_scaler[30]_VolMeth=rv,10,999
2017-12-15,0.019999845156745494,0.0,0.008626919027127544,0.0,0.0,0.019999427375257676,0.00023153593279942177,0.0,30,20260217_173959_gamma=10_sB=0.02_lB=0.02_Max_diff=0.05_VOL=Vol_scaler[30]_VolMeth=rv,10,999
2018-01-19,0.018728482187715414,0.0,0.016841323629614928,0.0,0.0,0.019999921010399997,0.0012200436856381247,0.0,30,20260217_173959_gamma=10_sB=0.02_lB=0.02_Max_diff=0.05_VOL=Vol_scaler[30]_VolMeth=rv,10,999
2018-02-16,0.019999503132110463,0.0,0.0,3.72462834605794e-05,0.0,0.003180974410303589,0.01649648086421468,0.0,30,20260217_173959_gamma=10_sB=0.02_lB=0.02_Max_diff=0.05_VOL=Vol_scaler[30]_VolMeth=rv,10,999
2018-03-16,0.019999855533312252,0.0,0.0,0.0026005402640594164,0.0024267971049578155,0.0,0.01999992967385609,0.0,30,20260217_173959_gamma=10_sB=0.02_lB=0.02_Max_diff=0.05_VOL=Vol_scaler[30]_VolMeth=rv,10,999
2018-04-20,0.019999832719870363,0.0,0.0,2.586472053362384e-06,0.0,0.0006039337082510446,0.019999969775529227,0.0,30,20260217_173959_gamma=10_sB=0.02_lB=0.02_Max_diff=0.05_VOL=Vol_scaler[30]_VolMeth=rv,10,999
2018-05-18,0.01999965758999552,0.0,0.0010025539755883735,0.0,0.0,0.013154246735196539,0.008766733380177897,0.0,30,20260217_173959_gamma=10_sB=0.02_lB=0.02_Max_diff=0.05_VOL=Vol_scaler[30]_VolMeth=rv,10,999
2018-06-15,0.01999990806933646,0.0,0.0,0.0028641961908797346,0.0,0.015672105636243945,0.011461580578877775,0.0,30,20260217_173959_gamma=10_sB=0.02_lB=0.02_Max_diff=0.05_VOL=Vol_scaler[30]_VolMeth=rv,10,999
2018-07-20,0.01999935538430706,0.0,0.0,0.004487441494684394,0.0,0.0169371745645411,0.010121924889003472,0.0,30,20260217_173959_gamma=10_sB=0.02_lB=0.02_Max_diff=0.05_VOL=Vol_scaler[30]_VolMeth=rv,10,999
2018-08-17,0.019999750902708023,0.0,0.0,0.009340585467108298,0.0,0.019997690317086782,0.0114379142059397,0.0,30,20260217_173959_gamma=10_sB=0.02_lB=0.02_Max_diff=0.05_VOL=Vol_scaler[30]_VolMeth=rv,10,999
2018-09-21,0.01999988666020024,0.0,0.009810247439584403,0.0,0.0,0.01590085906050852,0.004415192075138888,0.0,30,20260217_173959_gamma=10_sB=0.02_lB=0.02_Max_diff=0.05_VOL=Vol_scaler[30]_VolMeth=rv,10,999
2018-10-19,0.019999854370846313,0.0,0.0,0.01372057844692884,0.0,0.018512144586085466,0.019999793271603686,0.0,30,20260217_173959_gamma=10_sB=0.02_lB=0.02_Max_diff=0.05_VOL=Vol_scaler[30]_VolMeth=rv,10,999
2018-11-16,0.019999753781294104,0.0,0.0,0.00021516735594871687,0.0,0.0034758404163911785,0.01999990906868819,0.0,30,20260217_173959_gamma=10_sB=0.02_lB=0.02_Max_diff=0.05_VOL=Vol_scaler[30]_VolMeth=rv,10,999
2018-12-21,0.009290762925946758,0.0,0.0,0.007041860104420679,0.0,0.016091057752731525,0.013714416595062286,0.0,30,20260217_173959_gamma=10_sB=0.02_lB=0.02_Max_diff=0.05_VOL=Vol_scaler[30]_VolMeth=rv,10,999
2019-01-18,0.01999931455078252,0.0,0.0038844259273795503,0.0,0.0029314724075315333,0.0,0.01999946819040587,0.0,30,20260217_173959_gamma=10_sB=0.02_lB=0.02_Max_diff=0.05_VOL=Vol_scaler[30]_VolMeth=rv,10,999
2019-02-15,0.019999533372715275,0.0,0.0,0.012654350263943612,0.0,0.007307694328326204,0.01998700704096184,0.0,30,20260217_173959_gamma=10_sB=0.02_lB=0.02_Max_diff=0.05_VOL=Vol_scaler[30]_VolMeth=rv,10,999
2019-03-15,0.019999678405193858,0.0,0.0,0.00036222186960301116,0.0,0.016505876069844824,0.004255070188226185,0.0,30,20260217_173959_gamma=10_sB=0.02_lB=0.02_Max_diff=0.05_VOL=Vol_scaler[30]_VolMeth=rv,10,999
2019-04-18,0.019999839385601074,0.0,0.0,0.008101090533162518,0.0,0.015515264708701015,0.014263265909172134,0.0,30,20260217_173959_gamma=10_sB=0.02_lB=0.02_Max_diff=0.05_VOL=Vol_scaler[30]_VolMeth=rv,10,999
2019-05-17,0.005919034266242486,0.0,0.0,0.019999622605087516,0.0,0.019999804018804697,0.013552048571272108,0.0,30,20260217_173959_gamma=10_sB=0.02_lB=0.02_Max_diff=0.05_VOL=Vol_scaler[30]_VolMeth=rv,10,999
2019-06-21,0.019999937414155074,0.0,0.007559003577475076,0.0,0.0,0.006293667844810642,0.012856136359504325,0.0,30,20260217_173959_gamma=10_sB=0.02_lB=0.02_Max_diff=0.05_VOL=Vol_scaler[30]_VolMeth=rv,10,999
2019-07-19,0.0039498862869162665,0.0,0.0,0.019998946160738065,0.0,0.016124010563043016,0.010297821291020125,0.0,30,20260217_173959_gamma=10_sB=0.02_lB=0.02_Max_diff=0.05_VOL=Vol_scaler[30]_VolMeth=rv,10,999
2019-08-16,0.019999443088506434,0.0,0.0,0.017951107647864357,0.0,0.01924196066584482,0.019999909865477665,0.0,30,20260217_173959_gamma=10_sB=0.02_lB=0.02_Max_diff=0.05_VOL=Vol_scaler[30]_VolMeth=rv,10,999
2019-09-20,0.019999812112529502,0.0,0.0,0.013509648186143985,0.0,0.008791430915759828,0.019999961134087217,0.0,30,20260217_173959_gamma=10_sB=0.02_lB=0.02_Max_diff=0.05_VOL=Vol_scaler[30]_VolMeth=rv,10,999
2019-10-18,0.019999671850919186,0.0,0.0,0.019992860914037198,0.0,0.014010421842679706,0.019999618394257453,0.0,30,20260217_173959_gamma=10_sB=0.02_lB=0.02_Max_diff=0.05_VOL=Vol_scaler[30]_VolMeth=rv,10,999
2019-11-15,0.017795740329144293,0.0,0.0,1.4876727788615065e-06,0.0,0.013552219496188298,0.007462981852263631,0.0,30,20260217_173959_gamma=10_sB=0.02_lB=0.02_Max_diff=0.05_VOL=Vol_scaler[30]_VolMeth=rv,10,999
2019-12-20,0.017519210293748914,0.0,0.0,0.003369335140159403,0.0,0.019999891830016776,0.005562945010370893,0.0,30,20260217_173959_gamma=10_sB=0.02_lB=0.02_Max_diff=0.05_VOL=Vol_scaler[30]_VolMeth=rv,10,999
2020-01-17,0.005345898147426476,0.0,0.0,0.018430141762281138,0.0,0.019999896155262244,0.008141415327558734,0.0,30,20260217_173959_gamma=10_sB=0.02_lB=0.02_Max_diff=0.05_VOL=Vol_scaler[30]_VolMeth=rv,10,999
2020-02-21,0.017955025929243654,0.0,0.0,0.019999680323000407,0.0,0.017537353626631117,0.019999911125939053,0.0,30,20260217_173959_gamma=10_sB=0.02_lB=0.02_Max_diff=0.05_VOL=Vol_scaler[30]_VolMeth=rv,10,999
2020-03-20,0.01502943874994972,0.0,0.00894729110903059,0.0,0.0,1.1675563914724751e-06,0.019999306020386125,0.0,30,20260217_173959_gamma=10_sB=0.02_lB=0.02_Max_diff=0.05_VOL=Vol_scaler[30]_VolMeth=rv,10,999
2020-04-17,0.019999794987570846,0.0,0.017282342170423435,0.0,0.015092124187545472,0.0,0.0199999128775245,0.0,30,20260217_173959_gamma=10_sB=0.02_lB=0.02_Max_diff=0.05_VOL=Vol_scaler[30]_VolMeth=rv,10,999
2020-05-15,0.019999841766129102,0.0,0.0,0.00447458536407342,0.0,0.0127238810524499,0.019999910370145216,0.0,30,20260217_173959_gamma=10_sB=0.02_lB=0.02_Max_diff=0.05_VOL=Vol_scaler[30]_VolMeth=rv,10,999
2020-06-19,0.01999941550990524,0.0,0.0,0.0055930189182960425,0.0,0.019996344720055865,0.01999991272585829,0.0,30,20260217_173959_gamma=10_sB=0.02_lB=0.02_Max_diff=0.05_VOL=Vol_scaler[30]_VolMeth=rv,10,999
2020-07-17,0.019999810163187852,0.0,0.0,0.005068678898596256,0.0,0.013596361294271522,0.0199999260053194,0.0,30,20260217_173959_gamma=10_sB=0.02_lB=0.02_Max_diff=0.05_VOL=Vol_scaler[30]_VolMeth=rv,10,999
2020-08-21,0.0039674882889460805,0.0,0.0,0.019948840466613917,0.0,0.019999893505602582,0.01135097684647291,0.0,30,20260217_173959_gamma=10_sB=0.02_lB=0.02_Max_diff=0.05_VOL=Vol_scaler[30]_VolMeth=rv,10,999
2020-09-18,0.01660070106086716,0.0,0.0,0.019615717066194305,0.0,0.017117658867604888,0.01999842777800115,0.0,30,20260217_173959_gamma=10_sB=0.02_lB=0.02_Max_diff=0.05_VOL=Vol_scaler[30]_VolMeth=rv,10,999
2020-10-16,0.0,0.0016830297526635241,0.0,0.01999890204941475,0.0,0.019998272161632177,0.019999847863908717,0.0,30,20260217_173959_gamma=10_sB=0.02_lB=0.02_Max_diff=0.05_VOL=Vol_scaler[30]_VolMeth=rv,10,999
2020-11-20,0.019999865424204986,0.0,0.0,1.1678568441743889e-06,0.0,0.01142336196178564,0.01999989773324904,0.0,30,20260217_173959_gamma=10_sB=0.02_lB=0.02_Max_diff=0.05_VOL=Vol_scaler[30]_VolMeth=rv,10,999
2020-12-18,0.0025974766390484605,0.0,0.0,0.019999826642930697,0.0,0.01999978189782995,0.008682313890211093,0.0,30,20260217_173959_gamma=10_sB=0.02_lB=0.02_Max_diff=0.05_VOL=Vol_scaler[30]_VolMeth=rv,10,999
2021-01-15,0.0,0.018803861429629375,0.0,2.747181584088585e-05,0.0,0.01999997436464108,0.0,0.011168680016036648,30,20260217_173959_gamma=10_sB=0.02_lB=0.02_Max_diff=0.05_VOL=Vol_scaler[30]_VolMeth=rv,10,999
2021-02-19,0.018288288505781576,0.0,0.0,0.013255199104799957,0.0,0.019999616484317292,0.019999598111671162,0.0,30,20260217_173959_gamma=10_sB=0.02_lB=0.02_Max_diff=0.05_VOL=Vol_scaler[30]_VolMeth=rv,10,999
2021-03-19,0.019999510644409912,0.0,0.0,0.008852852622045654,0.0,0.019984000063044235,0.01999984877585584,0.0,30,20260217_173959_gamma=10_sB=0.02_lB=0.02_Max_diff=0.05_VOL=Vol_scaler[30]_VolMeth=rv,10,999
2021-04-16,0.019999794042331157,0.0,0.0,0.0018177288756514324,0.0,0.01564808782202763,0.013014732666211172,0.0,30,20260217_173959_gamma=10_sB=0.02_lB=0.02_Max_diff=0.05_VOL=Vol_scaler[30]_VolMeth=rv,10,999
2021-05-21,0.013689677995633018,0.0,0.0,0.01999975990688805,0.0,0.01999978531087595,0.018591114274215333,0.0,30,20260217_173959_gamma=10_sB=0.02_lB=0.02_Max_diff=0.05_VOL=Vol_scaler[30]_VolMeth=rv,10,999
2021-06-17,0.017345641382295045,0.0,0.0,0.01999920826802998,0.0,0.019999882200838228,0.01855784414463391,0.0,30,20260217_173959_gamma=10_sB=0.02_lB=0.02_Max_diff=0.05_VOL=Vol_scaler[30]_VolMeth=rv,10,999
2021-07-16,0.0,0.009518608773454488,0.0,0.01999994108489318,0.0,0.019999940732267435,0.004405708151451685,0.0,30,20260217_173959_gamma=10_sB=0.02_lB=0.02_Max_diff=0.05_VOL=Vol_scaler[30]_VolMeth=rv,10,999
2021-08-20,0.009187059902565705,0.0,0.0,0.019999827313327875,0.0,0.019999933062863438,0.011634597866220904,0.0,30,20260217_173959_gamma=10_sB=0.02_lB=0.02_Max_diff=0.05_VOL=Vol_scaler[30]_VolMeth=rv,10,999
2021-09-17,0.0,0.01765472233046144,0.0,0.015020705479426393,0.0,0.019999900159530397,0.0026785419224952573,0.0,30,20260217_173959_gamma=10_sB=0.02_lB=0.02_Max_diff=0.05_VOL=Vol_scaler[30]_VolMeth=rv,10,999
2021-10-15,0.01999975399839749,0.0,0.0,0.005655847136643837,0.0,0.019197970560545792,0.011756388162467744,0.0,30,20260217_173959_gamma=10_sB=0.02_lB=0.02_Max_diff=0.05_VOL=Vol_scaler[30]_VolMeth=rv,10,999
2021-11-19,9.975201463761952e-06,0.0,0.0,0.019999537129954427,0.0,0.019999964724428318,0.004952155333695798,0.0,30,20260217_173959_gamma=10_sB=0.02_lB=0.02_Max_diff=0.05_VOL=Vol_scaler[30]_VolMeth=rv,10,999
2021-12-17,0.017004857903412305,0.0,0.0,0.019999880292285388,0.0,0.019999775197629983,0.019997405422760517,0.0,30,20260217_173959_gamma=10_sB=0.02_lB=0.02_Max_diff=0.05_VOL=Vol_scaler[30]_VolMeth=rv,10,999
2022-01-21,0.0,0.005216246691679818,0.0,0.019999730780401802,0.0,0.01999964850869781,0.012480962267987264,0.0,30,20260217_173959_gamma=10_sB=0.02_lB=0.02_Max_diff=0.05_VOL=Vol_scaler[30]_VolMeth=rv,10,999
2022-02-18,0.012053614158724477,0.0,0.0,0.0199936976861009,0.0,0.01999988634925894,0.019999965311571232,0.0,30,20260217_173959_gamma=10_sB=0.02_lB=0.02_Max_diff=0.05_VOL=Vol_scaler[30]_VolMeth=rv,10,999
2022-03-18,0.019999897256485395,0.0,0.0,0.00041157980686280413,0.0,0.007054803980047226,0.019999941987924374,0.0,30,20260217_173959_gamma=10_sB=0.02_lB=0.02_Max_diff=0.05_VOL=Vol_scaler[30]_VolMeth=rv,10,999
2022-04-14,0.019999624252646016,0.0,0.0,0.009096872060622003,0.0,0.014999014888564251,0.019999887336060528,0.0,30,20260217_173959_gamma=10_sB=0.02_lB=0.02_Max_diff=0.05_VOL=Vol_scaler[30]_VolMeth=rv,10,999
2022-05-20,0.01988669606498846,0.0,0.004651787668336044,0.0,0.0,0.0062179531586838786,0.019999498411678793,0.0,30,20260217_173959_gamma=10_sB=0.02_lB=0.02_Max_diff=0.05_VOL=Vol_scaler[30]_VolMeth=rv,10,999
2022-06-17,0.0,1.0287450838054444e-06,0.0,1.2701599997573705e-05,0.009410918957942539,0.0,0.019998828975993577,0.0,30,20260217_173959_gamma=10_sB=0.02_lB=0.02_Max_diff=0.05_VOL=Vol_scaler[30]_VolMeth=rv,10,999
2022-07-15,0.019999897943824035,0.0,0.0,0.0017794804625973885,0.0,0.009742964439195043,0.019999928280535508,0.0,30,20260217_173959_gamma=10_sB=0.02_lB=0.02_Max_diff=0.05_VOL=Vol_scaler[30]_VolMeth=rv,10,999
2022-08-19,0.019504147549204296,0.0,0.0,0.0009507281851142529,0.0,0.006011752294753165,0.019999620203193954,0.0,30,20260217_173959_gamma=10_sB=0.02_lB=0.02_Max_diff=0.05_VOL=Vol_scaler[30]_VolMeth=rv,10,999
2022-09-16,0.007272983988966247,0.0,0.0,0.019997896785071873,0.0,0.015416640958424453,0.017068742119250916,0.0,30,20260217_173959_gamma=10_sB=0.02_lB=0.02_Max_diff=0.05_VOL=Vol_scaler[30]_VolMeth=rv,10,999
2022-10-21,0.006885725160382456,0.0,0.0,0.005079448182069577,0.0,4.4097517007075906e-05,0.019999535497955575,0.0,30,20260217_173959_gamma=10_sB=0.02_lB=0.02_Max_diff=0.05_VOL=Vol_scaler[30]_VolMeth=rv,10,999
2022-11-18,0.0,3.3822916408973755e-06,0.0018999408873412549,0.0,0.012936782617292348,0.0,0.01999989485080029,0.0,30,20260217_173959_gamma=10_sB=0.02_lB=0.02_Max_diff=0.05_VOL=Vol_scaler[30]_VolMeth=rv,10,999
2022-12-16,0.004721486266419461,0.0,0.0,0.0022586176601414104,0.0,0.0,0.019998783438067255,0.0,30,20260217_173959_gamma=10_sB=0.02_lB=0.02_Max_diff=0.05_VOL=Vol_scaler[30]_VolMeth=rv,10,999
2023-01-20,0.0,0.0,0.0,0.009946747195311469,0.0,0.00013107298476124115,0.01999864879372295,0.0,30,20260217_173959_gamma=10_sB=0.02_lB=0.02_Max_diff=0.05_VOL=Vol_scaler[30]_VolMeth=rv,10,999
2023-02-17,0.015595162136742533,0.0,0.0,0.012204579133380928,0.0,0.012375709016837442,0.01964910184650044,0.0,30,20260217_173959_gamma=10_sB=0.02_lB=0.02_Max_diff=0.05_VOL=Vol_scaler[30]_VolMeth=rv,10,999
2023-03-17,0.004061190001197064,0.0,0.0,0.019999663849790537,0.0,0.01999967625731186,0.0050852373084844344,0.0,30,20260217_173959_gamma=10_sB=0.02_lB=0.02_Max_diff=0.05_VOL=Vol_scaler[30]_VolMeth=rv,10,999
2023-04-21,0.01999965349824767,0.0,0.0,0.009041437269195195,0.0,0.014806360966285667,0.00916986001715512,0.0,30,20260217_173959_gamma=10_sB=0.02_lB=0.02_Max_diff=0.05_VOL=Vol_scaler[30]_VolMeth=rv,10,999
2023-05-19,0.019998628846567387,0.0,0.0,0.015645614982114645,0.0,0.015578202975357721,0.015679620484001556,0.0,30,20260217_173959_gamma=10_sB=0.02_lB=0.02_Max_diff=0.05_VOL=Vol_scaler[30]_VolMeth=rv,10,999
2023-06-16,0.019995616989982305,0.0,0.0,0.006602824178636352,0.0,0.010259864950416512,0.014272305291841612,0.0,30,20260217_173959_gamma=10_sB=0.02_lB=0.02_Max_diff=0.05_VOL=Vol_scaler[30]_VolMeth=rv,10,999
2023-07-21,0.012962540563268477,0.0,0.006537766192182712,0.0,0.0,0.007771768800421662,0.004072240273060324,0.0,30,20260217_173959_gamma=10_sB=0.02_lB=0.02_Max_diff=0.05_VOL=Vol_scaler[30]_VolMeth=rv,10,999
2023-08-18,0.007050032509319012,0.0,0.0,0.019999709975842217,0.0,0.019999752989735414,0.006151915303617342,0.0,30,20260217_173959_gamma=10_sB=0.02_lB=0.02_Max_diff=0.05_VOL=Vol_scaler[30]_VolMeth=rv,10,999
2023-09-15,0.01999937713764522,0.0,0.0,0.01995423270039532,0.0,0.013694525258289063,0.016876843138344935,0.0,30,20260217_173959_gamma=10_sB=0.02_lB=0.02_Max_diff=0.05_VOL=Vol_scaler[30]_VolMeth=rv,10,999
2023-10-20,0.004247000284246978,0.0,0.0,0.01999948249802219,0.0,0.019999634914594028,0.01363633207540689,0.0,30,20260217_173959_gamma=10_sB=0.02_lB=0.02_Max_diff=0.05_VOL=Vol_scaler[30]_VolMeth=rv,10,999
2023-11-17,0.019999797296065897,0.0,0.00775775842297007,0.0,0.0,0.0024727503998928217,0.014046144416498036,0.0,30,20260217_173959_gamma=10_sB=0.02_lB=0.02_Max_diff=0.05_VOL=Vol_scaler[30]_VolMeth=rv,10,999
2023-12-15,0.01686373161670458,0.0,0.012598317575356786,0.0,0.0,0.009669609455901134,0.0013465901678014443,0.0,30,20260217_173959_gamma=10_sB=0.02_lB=0.02_Max_diff=0.05_VOL=Vol_scaler[30]_VolMeth=rv,10,999
2024-01-19,0.01937589733086611,0.0,0.0,0.0,0.0,0.007585760071158322,0.007521023815651248,0.0,30,20260217_173959_gamma=10_sB=0.02_lB=0.02_Max_diff=0.05_VOL=Vol_scaler[30]_VolMeth=rv,10,999
2024-02-16,0.019997945906290036,0.0,0.0199994481481918,0.0,0.0,0.005921798912507821,0.0032690080928756624,0.0,30,20260217_173959_gamma=10_sB=0.02_lB=0.02_Max_diff=0.05_VOL=Vol_scaler[30]_VolMeth=rv,10,999
2024-03-15,0.015129707511789312,0.0,0.0,0.0,0.0,0.010280019610695308,0.0052107416144251874,0.0,30,20260217_173959_gamma=10_sB=0.02_lB=0.02_Max_diff=0.05_VOL=Vol_scaler[30]_VolMeth=rv,10,999
2024-04-19,0.0,0.005249614669056141,0.0,0.012710751223425631,0.0,0.009698568750577475,0.0015789932737003947,0.0,30,20260217_173959_gamma=10_sB=0.02_lB=0.02_Max_diff=0.05_VOL=Vol_scaler[30]_VolMeth=rv,10,999
2024-05-17,0.019965621404294066,0.0,0.0,5.306060677298853e-06,0.0,0.005225725918947026,0.01582175885920129,0.0,30,20260217_173959_gamma=10_sB=0.02_lB=0.02_Max_diff=0.05_VOL=Vol_scaler[30]_VolMeth=rv,10,999
2024-06-21,0.0,0.0,0.0,0.010022747142434894,0.0,0.004828994835100391,0.0,0.0,30,20260217_173959_gamma=10_sB=0.02_lB=0.02_Max_diff=0.05_VOL=Vol_scaler[30]_VolMeth=rv,10,999
2024-07-19,0.0013470570270690415,0.0,0.0,0.019996064836649268,0.0,0.019999814703638825,3.0648857228480326e-06,0.0,30,20260217_173959_gamma=10_sB=0.02_lB=0.02_Max_diff=0.05_VOL=Vol_scaler[30]_VolMeth=rv,10,999
2024-08-16,0.01999963013112245,0.0,0.004041621640457506,0.0,0.0,0.0006277053368156266,0.01999985629386572,0.0,30,20260217_173959_gamma=10_sB=0.02_lB=0.02_Max_diff=0.05_VOL=Vol_scaler[30]_VolMeth=rv,10,999
2024-09-20,0.01999989815765523,0.0,0.0,0.006259765922724834,0.0,0.008961964507293477,0.01999954711151237,0.0,30,20260217_173959_gamma=10_sB=0.02_lB=0.02_Max_diff=0.05_VOL=Vol_scaler[30]_VolMeth=rv,10,999
2024-10-18,0.013672097605310842,0.0,0.0,0.009052897792791049,0.0,0.019998976016396806,0.007015004136667541,0.0,30,20260217_173959_gamma=10_sB=0.02_lB=0.02_Max_diff=0.05_VOL=Vol_scaler[30]_VolMeth=rv,10,999
2024-11-15,0.019999838252237667,0.0,0.0,0.019989392900625843,0.0,0.01783502357843678,0.019999692849554506,0.0,30,20260217_173959_gamma=10_sB=0.02_lB=0.02_Max_diff=0.05_VOL=Vol_scaler[30]_VolMeth=rv,10,999
2024-12-20,0.01999912618156543,0.0,0.0,0.019997580420073827,0.0,0.019224584957675935,0.01909633755219425,0.0,30,20260217_173959_gamma=10_sB=0.02_lB=0.02_Max_diff=0.05_VOL=Vol_scaler[30]_VolMeth=rv,10,999
2025-01-17,0.01999945823812112,0.0,0.0,0.0,0.0,0.006886586249654539,0.01940121431234306,0.0,30,20260217_173959_gamma=10_sB=0.02_lB=0.02_Max_diff=0.05_VOL=Vol_scaler[30]_VolMeth=rv,10,999
2025-02-21,0.01999986215657584,0.0,0.0,0.01999949064777216,0.0,0.015162807535694794,0.019999512303288582,0.0,30,20260217_173959_gamma=10_sB=0.02_lB=0.02_Max_diff=0.05_VOL=Vol_scaler[30]_VolMeth=rv,10,999
2025-03-21,0.01999934195703165,0.0,0.0,0.012057189970577076,0.0,0.010318142711943527,0.019999929990687577,0.0,30,20260217_173959_gamma=10_sB=0.02_lB=0.02_Max_diff=0.05_VOL=Vol_scaler[30]_VolMeth=rv,10,999
2025-04-17,0.01999983063123802,0.0,0.014060416458554508,0.0,0.0037279148662583725,0.0,0.0199999595888515,0.0,30,20260217_173959_gamma=10_sB=0.02_lB=0.02_Max_diff=0.05_VOL=Vol_scaler[30]_VolMeth=rv,10,999
2025-05-16,0.019999805083849898,0.0,0.01228906269641663,0.0,0.011549866017954956,0.0,0.019999860356432832,0.0,30,20260217_173959_gamma=10_sB=0.02_lB=0.02_Max_diff=0.05_VOL=Vol_scaler[30]_VolMeth=rv,10,999
2025-06-20,0.019999839968909732,0.0,0.0,0.019989009747036584,0.0,0.016385349394942295,0.019999889725450797,0.0,30,20260217_173959_gamma=10_sB=0.02_lB=0.02_Max_diff=0.05_VOL=Vol_scaler[30]_VolMeth=rv,10,999
2025-07-18,0.019536146034335202,0.0,0.0,0.006142760285326549,0.0,0.019999264471784215,0.0019188479015353152,0.0,30,20260217_173959_gamma=10_sB=0.02_lB=0.02_Max_diff=0.05_VOL=Vol_scaler[30]_VolMeth=rv,10,999
2025-08-15,0.0013853956962287396,0.0,0.0,0.01720709043987914,0.0,0.019999949780833765,0.006818936187456424,0.0,30,20260217_173959_gamma=10_sB=0.02_lB=0.02_Max_diff=0.05_VOL=Vol_scaler[30]_VolMeth=rv,10,999
2025-09-19,0.019493977925755326,0.0,0.0049820670586959185,0.0,0.0,0.019998655292257195,0.0,0.0011476178418006503,30,20260217_173959_gamma=10_sB=0.02_lB=0.02_Max_diff=0.05_VOL=Vol_scaler[30]_VolMeth=rv,10,999
2025-10-17,0.0,0.0019313761605593402,0.0,0.019999917082855496,0.0,0.019999812504044392,0.002030014192154554,0.0,30,20260217_173959_gamma=10_sB=0.02_lB=0.02_Max_diff=0.05_VOL=Vol_scaler[30]_VolMeth=rv,10,999
2025-11-21,0.01463928901427302,0.0,0.0,0.019999905476512394,0.0,0.019999784950237912,0.010169442250217146,0.0,30,20260217_173959_gamma=10_sB=0.02_lB=0.02_Max_diff=0.05_VOL=Vol_scaler[30]_VolMeth=rv,10,999
2013-04-19,0.017470219419515213,0.0,0.0,0.0,0.0,0.011436732705641845,0.009711998548010319,0.0,60,20260217_174050_gamma=10_sB=0.02_lB=0.02_Max_diff=0.05_VOL=Vol_scaler[60]_VolMeth=rv,10,999
2013-05-17,0.011010340174060551,0.0,0.009400586998673256,0.0,0.0,0.005779833683791001,0.0058143836826661105,0.0,60,20260217_174050_gamma=10_sB=0.02_lB=0.02_Max_diff=0.05_VOL=Vol_scaler[60]_VolMeth=rv,10,999
2013-06-21,1.1276024845147814e-06,0.0,0.0,0.016089784609916755,0.0,0.004713252922881078,0.017329399852777466,0.0,60,20260217_174050_gamma=10_sB=0.02_lB=0.02_Max_diff=0.05_VOL=Vol_scaler[60]_VolMeth=rv,10,999
2013-07-19,0.014918420368533579,0.0,2.1758056074998444e-06,0.0,0.0,0.004426424974273875,0.01657760988237796,0.0,60,20260217_174050_gamma=10_sB=0.02_lB=0.02_Max_diff=0.05_VOL=Vol_scaler[60]_VolMeth=rv,10,999
2013-08-16,0.008040713277071615,0.0,0.0,0.019944033048195333,0.0,0.010623002913905407,0.019998909904274283,0.0,60,20260217_174050_gamma=10_sB=0.02_lB=0.02_Max_diff=0.05_VOL=Vol_scaler[60]_VolMeth=rv,10,999
2013-09-20,0.014874462191091883,0.0,0.0,0.0,0.0,0.014564823960522057,0.008614094959998672,0.0,60,20260217_174050_gamma=10_sB=0.02_lB=0.02_Max_diff=0.05_VOL=Vol_scaler[60]_VolMeth=rv,10,999
2013-10-18,0.007432186720391241,0.0,0.01614857309919651,0.0,0.0,0.0014156021536728776,0.005305942313095024,0.0,60,20260217_174050_gamma=10_sB=0.02_lB=0.02_Max_diff=0.05_VOL=Vol_scaler[60]_VolMeth=rv,10,999
2013-11-15,0.0,0.0,0.0,0.0035314539112916124,0.0,6.802270462083932e-06,0.011642731359126818,0.0,60,20260217_174050_gamma=10_sB=0.02_lB=0.02_Max_diff=0.05_VOL=Vol_scaler[60]_VolMeth=rv,10,999
2013-12-20,0.0199995728071498,0.0,0.0,0.0026357672353832045,0.0,0.006735302278342849,0.01717869304956856,0.0,60,20260217_174050_gamma=10_sB=0.02_lB=0.02_Max_diff=0.05_VOL=Vol_scaler[60]_VolMeth=rv,10,999
2014-01-17,0.010013982177179059,0.0,0.0,0.0,0.0,0.01603331735357233,0.007595032344370471,0.0,60,20260217_174050_gamma=10_sB=0.02_lB=0.02_Max_diff=0.05_VOL=Vol_scaler[60]_VolMeth=rv,10,999
2014-02-21,0.019995114648374487,0.0,0.0009491625546313026,0.0,0.0,0.013299005766039932,0.007838088862640917,0.0,60,20260217_174050_gamma=10_sB=0.02_lB=0.02_Max_diff=0.05_VOL=Vol_scaler[60]_VolMeth=rv,10,999
2014-03-21,0.01998854760227041,0.0,0.0,0.0,0.0,0.010581697775345128,0.013733246149251348,0.0,60,20260217_174050_gamma=10_sB=0.02_lB=0.02_Max_diff=0.05_VOL=Vol_scaler[60]_VolMeth=rv,10,999
2014-04-17,0.007914388770821616,0.0,0.0,0.011671068863999037,0.0,0.0024120624600007558,0.01999784953101399,0.0,60,20260217_174050_gamma=10_sB=0.02_lB=0.02_Max_diff=0.05_VOL=Vol_scaler[60]_VolMeth=rv,10,999
2014-05-16,0.009859002257803619,0.0,0.0015797997370678041,0.0,0.0,0.00883374652685588,0.003775101158718819,0.0,60,20260217_174050_gamma=10_sB=0.02_lB=0.02_Max_diff=0.05_VOL=Vol_scaler[60]_VolMeth=rv,10,999
2014-06-20,0.01999983135027663,0.0,0.0,0.0,0.0,0.007254319040893092,0.012698553800705635,0.0,60,20260217_174050_gamma=10_sB=0.02_lB=0.02_Max_diff=0.05_VOL=Vol_scaler[60]_VolMeth=rv,10,999
2014-07-18,0.004608722049158436,0.0,0.0,0.0036459259763895447,0.0,0.011836843070706326,0.006990981156358744,0.0,60,20260217_174050_gamma=10_sB=0.02_lB=0.02_Max_diff=0.05_VOL=Vol_scaler[60]_VolMeth=rv,10,999
2014-08-15,0.010918296458442639,0.0,0.0,0.005334831195820813,0.0,0.019999827565237053,0.0015891217465126848,0.0,60,20260217_174050_gamma=10_sB=0.02_lB=0.02_Max_diff=0.05_VOL=Vol_scaler[60]_VolMeth=rv,10,999
2014-09-19,0.019999512736368685,0.0,0.0037096407816981313,0.0,0.0,0.010966765786931237,0.007160059437843093,0.0,60,20260217_174050_gamma=10_sB=0.02_lB=0.02_Max_diff=0.05_VOL=Vol_scaler[60]_VolMeth=rv,10,999
2014-10-17,0.0,0.009401194063107103,0.0,0.01999971415867372,0.0,0.019999686088149546,0.01031657499885647,0.0,60,20260217_174050_gamma=10_sB=0.02_lB=0.02_Max_diff=0.05_VOL=Vol_scaler[60]_VolMeth=rv,10,999
2014-11-21,0.01999893845379234,0.0,0.0,6.822949874775983e-06,0.0,0.007519604666752096,0.011203351446061355,0.0,60,20260217_174050_gamma=10_sB=0.02_lB=0.02_Max_diff=0.05_VOL=Vol_scaler[60]_VolMeth=rv,10,999
2014-12-19,0.01999964591033243,0.0,0.0,0.010991230764046643,0.0,0.006522243834709837,0.019999913089031218,0.0,60,20260217_174050_gamma=10_sB=0.02_lB=0.02_Max_diff=0.05_VOL=Vol_scaler[60]_VolMeth=rv,10,999
2015-01-16,0.0048990849050725765,0.0,0.0,0.019999255841412548,0.0,0.019999320858849957,0.015110938366231431,0.0,60,20260217_174050_gamma=10_sB=0.02_lB=0.02_Max_diff=0.05_VOL=Vol_scaler[60]_VolMeth=rv,10,999
2015-02-20,0.01999779488660239,0.0,0.0,0.007043659081135427,0.0,0.0037093559685970326,0.018744025918783817,0.0,60,20260217_174050_gamma=10_sB=0.02_lB=0.02_Max_diff=0.05_VOL=Vol_scaler[60]_VolMeth=rv,10,999
2015-03-20,0.019999919103258386,0.0,0.0,0.015254909188362949,0.0,0.006532754125579188,0.01925751370212531,0.0,60,20260217_174050_gamma=10_sB=0.02_lB=0.02_Max_diff=0.05_VOL=Vol_scaler[60]_VolMeth=rv,10,999
2015-04-17,0.01999870480517149,0.0,0.0,0.008194325666322317,0.0,0.009767060104549282,0.019999370206838164,0.0,60,20260217_174050_gamma=10_sB=0.02_lB=0.02_Max_diff=0.05_VOL=Vol_scaler[60]_VolMeth=rv,10,999
2015-05-15,0.01998688949626879,0.0,0.0,0.01999790329677849,0.0,0.01930592880890302,0.017364844065522963,0.0,60,20260217_174050_gamma=10_sB=0.02_lB=0.02_Max_diff=0.05_VOL=Vol_scaler[60]_VolMeth=rv,10,999
2015-06-19,0.01523620833271554,0.0,0.0,0.006773075633477889,0.0,0.01999757673938376,0.01177747920559681,0.0,60,20260217_174050_gamma=10_sB=0.02_lB=0.02_Max_diff=0.05_VOL=Vol_scaler[60]_VolMeth=rv,10,999
2015-07-17,0.019998938270136282,0.0,0.0020483917240569274,0.0,0.0,0.015192101162711608,0.0075311697099142766,0.0,60,20260217_174050_gamma=10_sB=0.02_lB=0.02_Max_diff=0.05_VOL=Vol_scaler[60]_VolMeth=rv,10,999
2015-08-21,0.0,0.0035060674201277653,0.0,0.01935646761021846,0.0,0.01999950767056655,0.0,0.0,60,20260217_174050_gamma=10_sB=0.02_lB=0.02_Max_diff=0.05_VOL=Vol_scaler[60]_VolMeth=rv,10,999
2015-09-18,0.019991737315723516,0.0,0.0,0.00026674952673099285,0.0,0.008895326049480904,0.01999975356025646,0.0,60,20260217_174050_gamma=10_sB=0.02_lB=0.02_Max_diff=0.05_VOL=Vol_scaler[60]_VolMeth=rv,10,999
2015-10-16,0.019999911419038473,0.0,0.0,0.0015562660119660403,0.0020243862291831043,0.0,0.01999996939323274,0.0,60,20260217_174050_gamma=10_sB=0.02_lB=0.02_Max_diff=0.05_VOL=Vol_scaler[60]_VolMeth=rv,10,999
2015-11-20,0.019999733844350793,0.0,0.0,0.01566979596340063,0.0,0.0035694494874517345,0.019999918557790673,0.0,60,20260217_174050_gamma=10_sB=0.02_lB=0.02_Max_diff=0.05_VOL=Vol_scaler[60]_VolMeth=rv,10,999
2015-12-18,0.012117022558739431,0.0,0.0,0.01366990329073335,0.0,0.009230922213323934,0.0199963274487056,0.0,60,20260217_174050_gamma=10_sB=0.02_lB=0.02_Max_diff=0.05_VOL=Vol_scaler[60]_VolMeth=rv,10,999
2016-01-15,0.0,0.0,0.0,2.9368738021415737e-05,0.0,0.019999818232949697,0.0,0.0,60,20260217_174050_gamma=10_sB=0.02_lB=0.02_Max_diff=0.05_VOL=Vol_scaler[60]_VolMeth=rv,10,999
2016-02-19,0.019999744833187127,0.0,0.0,0.008317709657891954,0.0,0.014874046435922219,0.019999879258506024,0.0,60,20260217_174050_gamma=10_sB=0.02_lB=0.02_Max_diff=0.05_VOL=Vol_scaler[60]_VolMeth=rv,10,999
2016-03-18,0.01999876909558565,0.0,0.0,0.009353269793906157,0.0,1.9529136793229357e-06,0.019999958600186166,0.0,60,20260217_174050_gamma=10_sB=0.02_lB=0.02_Max_diff=0.05_VOL=Vol_scaler[60]_VolMeth=rv,10,999
2016-04-15,0.01999955153889642,0.0,0.0,0.0171188203658545,0.0,0.006324212629203498,0.019999928915375578,0.0,60,20260217_174050_gamma=10_sB=0.02_lB=0.02_Max_diff=0.05_VOL=Vol_scaler[60]_VolMeth=rv,10,999
2016-05-20,0.0,0.0,0.0,0.019998101661151846,0.0,0.005891137638782139,0.01704886130943679,0.0,60,20260217_174050_gamma=10_sB=0.02_lB=0.02_Max_diff=0.05_VOL=Vol_scaler[60]_VolMeth=rv,10,999
2016-06-17,0.0,0.013648498934127389,0.0,0.01999826400256528,0.0,0.019999878376982638,0.004043997034039532,0.0,60,20260217_174050_gamma=10_sB=0.02_lB=0.02_Max_diff=0.05_VOL=Vol_scaler[60]_VolMeth=rv,10,999
2016-07-15,0.019999752775219506,0.0,0.0,0.004586511312532871,0.0,0.00920364697835542,0.019998694487830215,0.0,60,20260217_174050_gamma=10_sB=0.02_lB=0.02_Max_diff=0.05_VOL=Vol_scaler[60]_VolMeth=rv,10,999
2016-08-19,0.019999779179781216,0.0,0.0,0.010178375467598108,0.0,0.00196838907623011,0.016309908671622034,0.0,60,20260217_174050_gamma=10_sB=0.02_lB=0.02_Max_diff=0.05_VOL=Vol_scaler[60]_VolMeth=rv,10,999
2016-09-16,0.019999929723906566,0.0,0.0,0.019983028794408483,0.0,0.01755314731704977,0.019999889716382554,0.0,60,20260217_174050_gamma=10_sB=0.02_lB=0.02_Max_diff=0.05_VOL=Vol_scaler[60]_VolMeth=rv,10,999
2016-10-21,0.005370011311679036,0.0,0.0,0.01318437189549547,0.0,0.013290656782966011,0.005017870395952026,0.0,60,20260217_174050_gamma=10_sB=0.02_lB=0.02_Max_diff=0.05_VOL=Vol_scaler[60]_VolMeth=rv,10,999
2016-11-18,0.015792920755266088,0.0,0.006449840531814934,0.0,0.0,0.010669496374541058,0.004113914693739255,0.0,60,20260217_174050_gamma=10_sB=0.02_lB=0.02_Max_diff=0.05_VOL=Vol_scaler[60]_VolMeth=rv,10,999
2016-12-16,0.008117710529731374,0.0,0.0,0.005643590566904244,0.0,0.008484317004980112,0.010513246238728832,0.0,60,20260217_174050_gamma=10_sB=0.02_lB=0.02_Max_diff=0.05_VOL=Vol_scaler[60]_VolMeth=rv,10,999
2017-01-20,0.019999479340535465,0.0,0.0,0.0,0.0,0.018681751036095977,0.007333928925303709,0.0,60,20260217_174050_gamma=10_sB=0.02_lB=0.02_Max_diff=0.05_VOL=Vol_scaler[60]_VolMeth=rv,10,999
2017-02-17,0.01447418293081304,0.0,0.005374371667687176,0.0,0.0,0.015168016416740347,0.002794235480412159,0.0,60,20260217_174050_gamma=10_sB=0.02_lB=0.02_Max_diff=0.05_VOL=Vol_scaler[60]_VolMeth=rv,10,999
2017-03-17,0.009017998601786625,0.0,0.0,2.0610458278392624e-06,0.0,0.015314723619365062,0.0009799055193046662,0.0,60,20260217_174050_gamma=10_sB=0.02_lB=0.02_Max_diff=0.05_VOL=Vol_scaler[60]_VolMeth=rv,10,999
2017-04-21,0.0,0.010518825364696,0.0,0.019996498212009255,0.0,0.01999996751905257,0.0005387945876121241,0.0,60,20260217_174050_gamma=10_sB=0.02_lB=0.02_Max_diff=0.05_VOL=Vol_scaler[60]_VolMeth=rv,10,999
2017-05-19,0.013387657609626572,0.0,0.0,0.01999926038105326,0.0,0.01999989232185341,0.013063288232424846,0.0,60,20260217_174050_gamma=10_sB=0.02_lB=0.02_Max_diff=0.05_VOL=Vol_scaler[60]_VolMeth=rv,10,999
2017-06-16,0.010292547818181175,0.0,0.0,0.01997785489910717,0.0,0.0199998811446871,0.008672317447509103,0.0,60,20260217_174050_gamma=10_sB=0.02_lB=0.02_Max_diff=0.05_VOL=Vol_scaler[60]_VolMeth=rv,10,999
2017-07-21,0.019999866332311874,0.0,0.015733125394268993,0.0,0.0,0.010113602862957148,0.005780374655721248,0.0,60,20260217_174050_gamma=10_sB=0.02_lB=0.02_Max_diff=0.05_VOL=Vol_scaler[60]_VolMeth=rv,10,999
2017-08-18,0.002915849816865921,0.0,0.0,0.019999866418452052,0.0,0.019999931036023825,0.010751184833149364,0.0,60,20260217_174050_gamma=10_sB=0.02_lB=0.02_Max_diff=0.05_VOL=Vol_scaler[60]_VolMeth=rv,10,999
2017-09-15,0.019999915269177278,0.0,1.587745014814875e-06,0.0,0.0,0.01885359530518103,0.008347555725507197,0.0,60,20260217_174050_gamma=10_sB=0.02_lB=0.02_Max_diff=0.05_VOL=Vol_scaler[60]_VolMeth=rv,10,999
2017-10-20,0.01999982285287544,0.0,0.007279250652278491,0.0,0.0,0.015622567920402638,0.006419550836367902,0.0,60,20260217_174050_gamma=10_sB=0.02_lB=0.02_Max_diff=0.05_VOL=Vol_scaler[60]_VolMeth=rv,10,999
2017-11-17,0.0,0.012513586061047985,0.0,0.019995112886820682,0.0,0.01999997781758622,0.002538034085367205,0.0,60,20260217_174050_gamma=10_sB=0.02_lB=0.02_Max_diff=0.05_VOL=Vol_scaler[60]_VolMeth=rv,10,999
2017-12-15,0.008296765733691031,0.0,4.1267260059780105e-06,0.0,0.0,0.019999961217010677,1.0725126565774608e-06,0.0,60,20260217_174050_gamma=10_sB=0.02_lB=0.02_Max_diff=0.05_VOL=Vol_scaler[60]_VolMeth=rv,10,999
2018-01-19,0.009018270118513484,0.0,0.009303451339239635,0.0,0.0,0.019999988395473636,0.00115782119698617,0.0,60,20260217_174050_gamma=10_sB=0.02_lB=0.02_Max_diff=0.05_VOL=Vol_scaler[60]_VolMeth=rv,10,999
2018-02-16,0.019999887416309006,0.0,0.0003589483281889198,0.0,0.0,0.012919895377553668,0.011886688601030471,0.0,60,20260217_174050_gamma=10_sB=0.02_lB=0.02_Max_diff=0.05_VOL=Vol_scaler[60]_VolMeth=rv,10,999
2018-03-16,0.019998338835069344,0.0,0.0,0.0008123930210918131,0.0,0.003250616185511222,0.016958439772621615,0.0,60,20260217_174050_gamma=10_sB=0.02_lB=0.02_Max_diff=0.05_VOL=Vol_scaler[60]_VolMeth=rv,10,999
2018-04-20,0.01999988192425198,0.0,1.8589252403770586e-06,0.0,5.122552896305671e-05,0.0,0.019999892662279,0.0,60,20260217_174050_gamma=10_sB=0.02_lB=0.02_Max_diff=0.05_VOL=Vol_scaler[60]_VolMeth=rv,10,999
2018-05-18,0.019999818033841172,0.0,0.0036212830255897364,0.0,0.0,0.002004585022906149,0.011100818588454573,0.0,60,20260217_174050_gamma=10_sB=0.02_lB=0.02_Max_diff=0.05_VOL=Vol_scaler[60]_VolMeth=rv,10,999
2018-06-15,0.019999878017713326,0.0,0.0,0.003715055010075233,0.0,0.0026801704558764264,0.01870711874189965,0.0,60,20260217_174050_gamma=10_sB=0.02_lB=0.02_Max_diff=0.05_VOL=Vol_scaler[60]_VolMeth=rv,10,999
2018-07-20,0.01999983472464456,0.0,0.0,0.005523536909448138,0.0,0.013202433566519957,0.012114135568969195,0.0,60,20260217_174050_gamma=10_sB=0.02_lB=0.02_Max_diff=0.05_VOL=Vol_scaler[60]_VolMeth=rv,10,999
2018-08-17,0.019999902480648916,0.0,0.0,0.01412029333979843,0.0,0.01680001050106019,0.01586224312191428,0.0,60,20260217_174050_gamma=10_sB=0.02_lB=0.02_Max_diff=0.05_VOL=Vol_scaler[60]_VolMeth=rv,10,999
2018-09-21,0.019999803710337025,0.0,0.00957230564170439,0.0,0.0,0.013873370540524581,0.005645508607329085,0.0,60,20260217_174050_gamma=10_sB=0.02_lB=0.02_Max_diff=0.05_VOL=Vol_scaler[60]_VolMeth=rv,10,999
2018-10-19,0.002125523157362338,0.0,0.0,0.01999924806807942,0.0,0.019999908360640934,0.01434340837732441,0.0,60,20260217_174050_gamma=10_sB=0.02_lB=0.02_Max_diff=0.05_VOL=Vol_scaler[60]_VolMeth=rv,10,999
2018-11-16,0.019999687274727933,0.0,0.0,0.015054930277552081,0.0,0.01609828403713679,0.01999977494664316,0.0,60,20260217_174050_gamma=10_sB=0.02_lB=0.02_Max_diff=0.05_VOL=Vol_scaler[60]_VolMeth=rv,10,999
2018-12-21,0.00842377024692652,0.0,0.0,0.007204350174905824,0.0,0.016438404170579964,0.013012840551610122,0.0,60,20260217_174050_gamma=10_sB=0.02_lB=0.02_Max_diff=0.05_VOL=Vol_scaler[60]_VolMeth=rv,10,999
2019-01-18,0.019999812002178426,0.0,0.0027660762992894896,0.0,0.0015743852837118621,0.0,0.01999995730935684,0.0,60,20260217_174050_gamma=10_sB=0.02_lB=0.02_Max_diff=0.05_VOL=Vol_scaler[60]_VolMeth=rv,10,999
2019-02-15,0.019999881753966862,0.0,0.0,0.004093757420040975,0.0018088810555792108,0.0,0.019999931870204473,0.0,60,20260217_174050_gamma=10_sB=0.02_lB=0.02_Max_diff=0.05_VOL=Vol_scaler[60]_VolMeth=rv,10,999
2019-03-15,0.01999841056352333,0.0,0.0,0.0,0.00034940715897830034,0.0,0.011373923223255044,0.0,60,20260217_174050_gamma=10_sB=0.02_lB=0.02_Max_diff=0.05_VOL=Vol_scaler[60]_VolMeth=rv,10,999
2019-04-18,0.019999852390327668,0.0,0.0,0.007784619261622874,0.0,0.01594079344454702,0.013914658518731988,0.0,60,20260217_174050_gamma=10_sB=0.02_lB=0.02_Max_diff=0.05_VOL=Vol_scaler[60]_VolMeth=rv,10,999
2019-05-17,0.0028519973954492885,0.0,0.0,0.019999882197887956,0.0,0.019999911334255754,0.011630672317039733,0.0,60,20260217_174050_gamma=10_sB=0.02_lB=0.02_Max_diff=0.05_VOL=Vol_scaler[60]_VolMeth=rv,10,999
2019-06-21,0.019999789827219873,0.0,0.014533191135417158,0.0,0.0,0.010596526048618186,0.0038502487004482577,0.0,60,20260217_174050_gamma=10_sB=0.02_lB=0.02_Max_diff=0.05_VOL=Vol_scaler[60]_VolMeth=rv,10,999
2019-07-19,0.019998470779321865,0.0,0.0,0.013559878014753746,0.0,0.014238334538400144,0.015479072104683082,0.0,60,20260217_174050_gamma=10_sB=0.02_lB=0.02_Max_diff=0.05_VOL=Vol_scaler[60]_VolMeth=rv,10,999
2019-08-16,0.013533262517495984,0.0,0.0,0.01999987466588849,0.0,0.019999654987051998,0.018520656639558306,0.0,60,20260217_174050_gamma=10_sB=0.02_lB=0.02_Max_diff=0.05_VOL=Vol_scaler[60]_VolMeth=rv,10,999
2019-09-20,0.01999980442240425,0.0,0.0,0.01611009945573482,0.0,0.011909093374733832,0.019999969625240872,0.0,60,20260217_174050_gamma=10_sB=0.02_lB=0.02_Max_diff=0.05_VOL=Vol_scaler[60]_VolMeth=rv,10,999
2019-10-18,0.019999811233637206,0.0,0.0,0.011786541646820461,0.0,0.0034807150991448786,0.019999975740667246,0.0,60,20260217_174050_gamma=10_sB=0.02_lB=0.02_Max_diff=0.05_VOL=Vol_scaler[60]_VolMeth=rv,10,999
2019-11-15,0.019999902530701583,0.0,0.0,6.888810791063133e-06,0.0,0.007053139860504277,0.014188253914243575,0.0,60,20260217_174050_gamma=10_sB=0.02_lB=0.02_Max_diff=0.05_VOL=Vol_scaler[60]_VolMeth=rv,10,999
2019-12-20,0.0199999245027634,0.0,0.0,0.0039903261132398105,0.0,0.01053854972675132,0.01348232609316013,0.0,60,20260217_174050_gamma=10_sB=0.02_lB=0.02_Max_diff=0.05_VOL=Vol_scaler[60]_VolMeth=rv,10,999
2020-01-17,3.462481358936213e-05,0.0,0.0,0.019975078034779176,0.0,0.019999943408362645,0.006230251275755237,0.0,60,20260217_174050_gamma=10_sB=0.02_lB=0.02_Max_diff=0.05_VOL=Vol_scaler[60]_VolMeth=rv,10,999
2020-02-21,0.010753829687460713,0.0,0.0,0.019999643846933358,0.0,0.01999904195403142,0.014466413195935396,0.0,60,20260217_174050_gamma=10_sB=0.02_lB=0.02_Max_diff=0.05_VOL=Vol_scaler[60]_VolMeth=rv,10,999
2020-03-20,1.3933739437683845e-05,0.0,0.0,0.007366879800742164,0.0,0.007936660489921478,0.01999904689528143,0.0,60,20260217_174050_gamma=10_sB=0.02_lB=0.02_Max_diff=0.05_VOL=Vol_scaler[60]_VolMeth=rv,10,999
2020-04-17,0.01999989376493494,0.0,0.01233720520779594,0.0,0.00896494814421049,0.0,0.019999970043906592,0.0,60,20260217_174050_gamma=10_sB=0.02_lB=0.02_Max_diff=0.05_VOL=Vol_scaler[60]_VolMeth=rv,10,999
2020-05-15,0.019999931548164745,0.0,0.00971066667192267,0.0,0.008610778483605726,0.0,0.01999998742578129,0.0,60,20260217_174050_gamma=10_sB=0.02_lB=0.02_Max_diff=0.05_VOL=Vol_scaler[60]_VolMeth=rv,10,999
2020-06-19,0.019999393403407256,0.0,0.004058821737075524,0.0,0.0,0.006562606751854217,0.019999890149182756,0.0,60,20260217_174050_gamma=10_sB=0.02_lB=0.02_Max_diff=0.05_VOL=Vol_scaler[60]_VolMeth=rv,10,999
2020-07-17,0.019998816431209557,0.0,0.0,0.008673888160852902,0.0,0.017439997995344965,0.019999921826471173,0.0,60,20260217_174050_gamma=10_sB=0.02_lB=0.02_Max_diff=0.05_VOL=Vol_scaler[60]_VolMeth=rv,10,999
2020-08-21,0.019999901784623936,0.0,0.0,0.0028368862034618986,0.0,0.008122828586723948,0.019999944129825722,0.0,60,20260217_174050_gamma=10_sB=0.02_lB=0.02_Max_diff=0.05_VOL=Vol_scaler[60]_VolMeth=rv,10,999
2020-09-18,0.013653670966052805,0.0,0.0,0.01999719822744664,0.0,0.01870955932356274,0.01739275582271776,0.0,60,20260217_174050_gamma=10_sB=0.02_lB=0.02_Max_diff=0.05_VOL=Vol_scaler[60]_VolMeth=rv,10,999
2020-10-16,0.0,0.01328671280327061,0.0,0.019999431668842122,0.0,0.01999970750926941,0.014702455972216729,0.0,60,20260217_174050_gamma=10_sB=0.02_lB=0.02_Max_diff=0.05_VOL=Vol_scaler[60]_VolMeth=rv,10,999
2020-11-20,0.0199998315431124,0.0,0.002773966967978612,0.0,0.0,0.009097290472723478,0.01999988740374774,0.0,60,20260217_174050_gamma=10_sB=0.02_lB=0.02_Max_diff=0.05_VOL=Vol_scaler[60]_VolMeth=rv,10,999
2020-12-18,0.019999863318882996,0.0,0.0,0.019999536879302796,0.0,0.01580267075294667,0.019999565590895885,0.0,60,20260217_174050_gamma=10_sB=0.02_lB=0.02_Max_diff=0.05_VOL=Vol_scaler[60]_VolMeth=rv,10,999
2021-01-15,0.005590810813282392,0.0,0.0,0.01999978747416797,0.0,0.019999891353681902,0.016253565944988186,0.0,60,20260217_174050_gamma=10_sB=0.02_lB=0.02_Max_diff=0.05_VOL=Vol_scaler[60]_VolMeth=rv,10,999
2021-02-19,0.007937253006418043,0.0,0.0,0.019994642700634183,0.0,0.019999894125666433,0.019690198753059957,0.0,60,20260217_174050_gamma=10_sB=0.02_lB=0.02_Max_diff=0.05_VOL=Vol_scaler[60]_VolMeth=rv,10,999
2021-03-19,0.0199938629865107,0.0,0.0,0.009067825650026576,0.0,0.01999850718336046,0.019999900434486337,0.0,60,20260217_174050_gamma=10_sB=0.02_lB=0.02_Max_diff=0.05_VOL=Vol_scaler[60]_VolMeth=rv,10,999
2021-04-16,0.01999953011026386,0.0,0.0,0.004522188445360652,0.0,0.010062050368114162,0.017605150658495935,0.0,60,20260217_174050_gamma=10_sB=0.02_lB=0.02_Max_diff=0.05_VOL=Vol_scaler[60]_VolMeth=rv,10,999
2021-05-21,0.018095860829996126,0.0,0.0,0.019992370962446285,0.0,0.019999759301604494,0.019999918585163295,0.0,60,20260217_174050_gamma=10_sB=0.02_lB=0.02_Max_diff=0.05_VOL=Vol_scaler[60]_VolMeth=rv,10,999
2021-06-17,0.015853951907717653,0.0,0.0,0.019995689514571074,0.0,0.019999858931047863,0.017884076297097342,0.0,60,20260217_174050_gamma=10_sB=0.02_lB=0.02_Max_diff=0.05_VOL=Vol_scaler[60]_VolMeth=rv,10,999
2021-07-16,0.0030956245223549847,0.0,0.0,0.019999917102890768,0.0,0.01999989383923136,0.01257000751375973,0.0,60,20260217_174050_gamma=10_sB=0.02_lB=0.02_Max_diff=0.05_VOL=Vol_scaler[60]_VolMeth=rv,10,999
2021-08-20,0.004520640657425099,0.0,0.0,0.01999982871395024,0.0,0.019999898600016205,0.010120357941411542,0.0,60,20260217_174050_gamma=10_sB=0.02_lB=0.02_Max_diff=0.05_VOL=Vol_scaler[60]_VolMeth=rv,10,999
2021-09-17,0.0,0.011193544803297437,0.0,0.019999931979825778,0.0,0.01999994253872448,0.00743715805291855,0.0,60,20260217_174050_gamma=10_sB=0.02_lB=0.02_Max_diff=0.05_VOL=Vol_scaler[60]_VolMeth=rv,10,999
2021-10-15,0.012376237852107586,0.0,0.0,0.008487069714055962,0.0,0.01999987766175939,0.008929520827841672,0.0,60,20260217_174050_gamma=10_sB=0.02_lB=0.02_Max_diff=0.05_VOL=Vol_scaler[60]_VolMeth=rv,10,999
2021-11-19,0.015246057888663853,0.0,0.0,0.01992827113755267,0.0,0.019999671869922058,0.012869958599455096,0.0,60,20260217_174050_gamma=10_sB=0.02_lB=0.02_Max_diff=0.05_VOL=Vol_scaler[60]_VolMeth=rv,10,999
2021-12-17,0.007483555849184047,0.0,0.0,0.019999774144955153,0.0,0.019999819060344128,0.013848440442605928,0.0,60,20260217_174050_gamma=10_sB=0.02_lB=0.02_Max_diff=0.05_VOL=Vol_scaler[60]_VolMeth=rv,10,999
2022-01-21,0.0,0.010980992181442464,0.0,0.019999834244460047,0.0,0.01999985632275413,0.008667169130941569,0.0,60,20260217_174050_gamma=10_sB=0.02_lB=0.02_Max_diff=0.05_VOL=Vol_scaler[60]_VolMeth=rv,10,999
2022-02-18,0.009470731127106112,0.0,0.0,0.019999371963239334,0.0,0.019999797267324874,0.019999376601570383,0.0,60,20260217_174050_gamma=10_sB=0.02_lB=0.02_Max_diff=0.05_VOL=Vol_scaler[60]_VolMeth=rv,10,999
2022-03-18,0.01999996043642115,0.0,0.0,0.004338147082154199,0.0,0.011125104536085166,0.01999996657331707,0.0,60,20260217_174050_gamma=10_sB=0.02_lB=0.02_Max_diff=0.05_VOL=Vol_scaler[60]_VolMeth=rv,10,999
2022-04-14,0.019999814706027345,0.0,0.0,0.007068273585576878,0.0,0.01321349659798382,0.01999996808501622,0.0,60,20260217_174050_gamma=10_sB=0.02_lB=0.02_Max_diff=0.05_VOL=Vol_scaler[60]_VolMeth=rv,10,999
2022-05-20,0.019979948793771615,0.0,0.0,0.0014478207237392552,0.0,0.01335287773326016,0.01999321867247999,0.0,60,20260217_174050_gamma=10_sB=0.02_lB=0.02_Max_diff=0.05_VOL=Vol_scaler[60]_VolMeth=rv,10,999
2022-06-17,0.0,0.0,0.0,0.0014021845675263286,0.006742961341741964,0.0,0.019705222088520567,0.0,60,20260217_174050_gamma=10_sB=0.02_lB=0.02_Max_diff=0.05_VOL=Vol_scaler[60]_VolMeth=rv,10,999
2022-07-15,0.01999989059753441,0.0,0.0,1.929001833226515e-06,0.0,0.006009177042824993,0.019999905115779877,0.0,60,20260217_174050_gamma=10_sB=0.02_lB=0.02_Max_diff=0.05_VOL=Vol_scaler[60]_VolMeth=rv,10,999
2022-08-19,0.019999174298959834,0.0,0.0071170117993190184,0.0,0.0008083636640326731,0.0,0.019999884519953128,0.0,60,20260217_174050_gamma=10_sB=0.02_lB=0.02_Max_diff=0.05_VOL=Vol_scaler[60]_VolMeth=rv,10,999
2022-09-16,0.006058720874183436,0.0,0.0,0.01999750485735847,0.0,0.017405023039545185,0.014279198680234827,0.0,60,20260217_174050_gamma=10_sB=0.02_lB=0.02_Max_diff=0.05_VOL=Vol_scaler[60]_VolMeth=rv,10,999
2022-10-21,1.7240330256643838e-05,0.0,0.0,0.00782501504049386,0.0,0.0012116742085379634,0.015232754422568188,0.0,60,20260217_174050_gamma=10_sB=0.02_lB=0.02_Max_diff=0.05_VOL=Vol_scaler[60]_VolMeth=rv,10,999
2022-11-18,0.0005483022257505228,0.0,0.002164252339095776,0.0,0.012735039529256335,0.0,0.019999766184414413,0.0,60,20260217_174050_gamma=10_sB=0.02_lB=0.02_Max_diff=0.05_VOL=Vol_scaler[60]_VolMeth=rv,10,999
2022-12-16,0.007183003240347231,0.0,0.0,1.111794662065546e-05,0.0,0.0,0.019999896914655525,0.0,60,20260217_174050_gamma=10_sB=0.02_lB=0.02_Max_diff=0.05_VOL=Vol_scaler[60]_VolMeth=rv,10,999
2023-01-20,0.01057248150951873,0.0,0.0,0.0006932001258683733,0.0,0.0,0.019999854721553807,0.0,60,20260217_174050_gamma=10_sB=0.02_lB=0.02_Max_diff=0.05_VOL=Vol_scaler[60]_VolMeth=rv,10,999
2023-02-17,0.01921743751739106,0.0,0.0,0.007932850684935459,0.0,0.011764027950252602,0.019999158249426115,0.0,60,20260217_174050_gamma=10_sB=0.02_lB=0.02_Max_diff=0.05_VOL=Vol_scaler[60]_VolMeth=rv,10,999
2023-03-17,0.005354285152816241,0.0,0.0,0.019999821165944478,0.0,0.019999730856224005,0.00634602388944245,0.0,60,20260217_174050_gamma=10_sB=0.02_lB=0.02_Max_diff=0.05_VOL=Vol_scaler[60]_VolMeth=rv,10,999
2023-04-21,0.019999940389830925,0.0,0.0,0.0055840408276549135,0.0,0.011441529256690378,0.009336975116813263,0.0,60,20260217_174050_gamma=10_sB=0.02_lB=0.02_Max_diff=0.05_VOL=Vol_scaler[60]_VolMeth=rv,10,999
2023-05-19,0.01999954561292819,0.0,0.0,0.01842948686874598,0.0,0.01191026928880487,0.019996762046621427,0.0,60,20260217_174050_gamma=10_sB=0.02_lB=0.02_Max_diff=0.05_VOL=Vol_scaler[60]_VolMeth=rv,10,999
2023-06-16,0.019993503664123547,0.0,0.0,0.006340883196233222,0.0,0.01041712368787109,0.013900722708357268,0.0,60,20260217_174050_gamma=10_sB=0.02_lB=0.02_Max_diff=0.05_VOL=Vol_scaler[60]_VolMeth=rv,10,999
2023-07-21,0.01999990446230007,0.0,0.013864596432843148,0.0,0.0,0.006582907487006187,0.006507171595621139,0.0,60,20260217_174050_gamma=10_sB=0.02_lB=0.02_Max_diff=0.05_VOL=Vol_scaler[60]_VolMeth=rv,10,999
2023-08-18,0.0122851040372694,0.0,0.0,0.01999912854385108,0.0,0.01999929026528657,0.009173752528646386,0.0,60,20260217_174050_gamma=10_sB=0.02_lB=0.02_Max_diff=0.05_VOL=Vol_scaler[60]_VolMeth=rv,10,999
2023-09-15,0.019998743543295457,0.0,0.0,0.017479864828174378,0.0,0.015858481365392037,0.012619574960407389,0.0,60,20260217_174050_gamma=10_sB=0.02_lB=0.02_Max_diff=0.05_VOL=Vol_scaler[60]_VolMeth=rv,10,999
2023-10-20,0.0,0.0006763565307787308,0.0,0.01999955833981577,0.0,0.019998252727204933,0.009639274395944789,0.0,60,20260217_174050_gamma=10_sB=0.02_lB=0.02_Max_diff=0.05_VOL=Vol_scaler[60]_VolMeth=rv,10,999
2023-11-17,0.019999888984407632,0.0,0.009033579554291843,0.0,0.0,0.004349128037461811,0.011655701418208108,0.0,60,20260217_174050_gamma=10_sB=0.02_lB=0.02_Max_diff=0.05_VOL=Vol_scaler[60]_VolMeth=rv,10,999
2023-12-15,0.019999211940703275,0.0,0.01214683601230617,0.0,0.0,0.0063831874378140925,0.009059738323493768,0.0,60,20260217_174050_gamma=10_sB=0.02_lB=0.02_Max_diff=0.05_VOL=Vol_scaler[60]_VolMeth=rv,10,999
2024-01-19,0.019995118196857814,0.0,0.0,3.2442440995385183e-06,0.0,0.00513954470501906,0.010634752495610425,0.0,60,20260217_174050_gamma=10_sB=0.02_lB=0.02_Max_diff=0.05_VOL=Vol_scaler[60]_VolMeth=rv,10,999
2024-02-16,0.019105487101964563,0.0,0.019998833518918548,0.0,0.0,0.00851969005227066,0.0,0.000571171596886988,60,20260217_174050_gamma=10_sB=0.02_lB=0.02_Max_diff=0.05_VOL=Vol_scaler[60]_VolMeth=rv,10,999
2024-03-15,0.017481294308904886,0.0,0.00321389732650002,0.0,0.0,0.011783289213773031,0.003848761518696708,0.0,60,20260217_174050_gamma=10_sB=0.02_lB=0.02_Max_diff=0.05_VOL=Vol_scaler[60]_VolMeth=rv,10,999
2024-04-19,0.0,0.0024400711474438963,0.0,0.011167893335206234,0.0,0.008015349053602815,0.005159505515910203,0.0,60,20260217_174050_gamma=10_sB=0.02_lB=0.02_Max_diff=0.05_VOL=Vol_scaler[60]_VolMeth=rv,10,999
2024-05-17,0.019999511699431125,0.0,0.007090976282514279,0.0,0.0,0.007168308261514555,0.00944211308177445,0.0,60,20260217_174050_gamma=10_sB=0.02_lB=0.02_Max_diff=0.05_VOL=Vol_scaler[60]_VolMeth=rv,10,999
2024-06-21,0.013371491765154704,0.0,0.0,0.0013582997956580495,0.0,0.003770402263347254,0.011320153345519003,0.0,60,20260217_174050_gamma=10_sB=0.02_lB=0.02_Max_diff=0.05_VOL=Vol_scaler[60]_VolMeth=rv,10,999
2024-07-19,0.011525791527872312,0.0,0.0,0.01762771898216666,0.0,0.019999624870526804,0.0066262335888522044,0.0,60,20260217_174050_gamma=10_sB=0.02_lB=0.02_Max_diff=0.05_VOL=Vol_scaler[60]_VolMeth=rv,10,999
2024-08-16,0.019999720653728216,0.0,0.0,0.005305485551120213,0.0,0.008521058496442807,0.018609416488172627,0.0,60,20260217_174050_gamma=10_sB=0.02_lB=0.02_Max_diff=0.05_VOL=Vol_scaler[60]_VolMeth=rv,10,999
2024-09-20,0.019999933608195634,0.0,0.0,0.0031727314997092877,0.0,0.005820594215425967,0.019999954055550512,0.0,60,20260217_174050_gamma=10_sB=0.02_lB=0.02_Max_diff=0.05_VOL=Vol_scaler[60]_VolMeth=rv,10,999
2024-10-18,0.019999883982987625,0.0,0.0,0.005070276905797241,0.0,0.009243172359972594,0.01999966473478596,0.0,60,20260217_174050_gamma=10_sB=0.02_lB=0.02_Max_diff=0.05_VOL=Vol_scaler[60]_VolMeth=rv,10,999
2024-11-15,0.01999978834676277,0.0,0.0,0.019999621206452104,0.0,0.018154187785797984,0.019998992818102846,0.0,60,20260217_174050_gamma=10_sB=0.02_lB=0.02_Max_diff=0.05_VOL=Vol_scaler[60]_VolMeth=rv,10,999
2024-12-20,0.01999966626516283,0.0,0.0,0.019991013531581194,0.0,0.01756257180704998,0.019999858916409017,0.0,60,20260217_174050_gamma=10_sB=0.02_lB=0.02_Max_diff=0.05_VOL=Vol_scaler[60]_VolMeth=rv,10,999
2025-01-17,0.018833095448510112,0.0,0.0,0.0,0.0,0.008986294368334816,0.01598752588813923,0.0,60,20260217_174050_gamma=10_sB=0.02_lB=0.02_Max_diff=0.05_VOL=Vol_scaler[60]_VolMeth=rv,10,999
2025-02-21,0.019999800367155006,0.0,0.0,0.019987763494804696,0.0,0.01447685788598792,0.019999744133339235,0.0,60,20260217_174050_gamma=10_sB=0.02_lB=0.02_Max_diff=0.05_VOL=Vol_scaler[60]_VolMeth=rv,10,999
2025-03-21,0.01999727099510774,0.0,0.0,0.01883174172398111,0.0,0.015705519031028955,0.019999916986050977,0.0,60,20260217_174050_gamma=10_sB=0.02_lB=0.02_Max_diff=0.05_VOL=Vol_scaler[60]_VolMeth=rv,10,999
2025-04-17,0.019999708713615744,0.0,0.0037007948198236017,0.0,0.0,0.006344357967080384,0.01999975992111331,0.0,60,20260217_174050_gamma=10_sB=0.02_lB=0.02_Max_diff=0.05_VOL=Vol_scaler[60]_VolMeth=rv,10,999
2025-05-16,0.019999841607413544,0.0,0.009629996753323461,0.0,0.00833037146201152,0.0,0.01999995130930306,0.0,60,20260217_174050_gamma=10_sB=0.02_lB=0.02_Max_diff=0.05_VOL=Vol_scaler[60]_VolMeth=rv,10,999
2025-06-20,0.019999877260466013,0.0,0.006302512963302439,0.0,0.008762891297743986,0.0,0.019999970260098927,0.0,60,20260217_174050_gamma=10_sB=0.02_lB=0.02_Max_diff=0.05_VOL=Vol_scaler[60]_VolMeth=rv,10,999
2025-07-18,0.019992375110568835,0.0,0.0,0.00279866846127862,0.0,0.008324099304298279,0.011138059417322984,0.0,60,20260217_174050_gamma=10_sB=0.02_lB=0.02_Max_diff=0.05_VOL=Vol_scaler[60]_VolMeth=rv,10,999
2025-08-15,0.014777240531591039,0.0,0.0,0.0053005153736977615,0.0,0.019999934078017614,0.008670639496448132,0.0,60,20260217_174050_gamma=10_sB=0.02_lB=0.02_Max_diff=0.05_VOL=Vol_scaler[60]_VolMeth=rv,10,999
2025-09-19,0.01999927544976177,0.0,0.0062461023372267855,0.0,0.0,0.019057035828273384,0.0,0.0,60,20260217_174050_gamma=10_sB=0.02_lB=0.02_Max_diff=0.05_VOL=Vol_scaler[60]_VolMeth=rv,10,999
2025-10-17,0.0,0.004077409593370548,0.0,0.01999560653234806,0.0,0.01999982575780064,0.0,0.0,60,20260217_174050_gamma=10_sB=0.02_lB=0.02_Max_diff=0.05_VOL=Vol_scaler[60]_VolMeth=rv,10,999
2025-11-21,0.00659088821648486,0.0,0.0,0.019999846073020838,0.0,0.019999922330642964,0.0032874736839710156,0.0,60,20260217_174050_gamma=10_sB=0.02_lB=0.02_Max_diff=0.05_VOL=Vol_scaler[60]_VolMeth=rv,10,999
