Date,Maturity,T_Years,Spot,RF_Rate,ATM_Call_Strike,ATM_Call_Moneyness,ATM_Call_Price,ATM_Call_IV,ATM_Call_Delta,ATM_Call_Gamma,ATM_Call_Vega,ATM_Call_Theta,ATM_Call_Rho,ATM_Call_Lambda,ATM_Put_Strike,ATM_Put_Moneyness,ATM_Put_Price,ATM_Put_IV,ATM_Put_Delta,ATM_Put_Gamma,ATM_Put_Vega,ATM_Put_Theta,ATM_Put_Rho,ATM_Put_Lambda,OTM_Call_Strike,OTM_Call_Moneyness,OTM_Call_Price,OTM_Call_IV,OTM_Call_Delta,OTM_Call_Gamma,OTM_Call_Vega,OTM_Call_Theta,OTM_Call_Rho,OTM_Call_Lambda,OTM_Put_Strike,OTM_Put_Moneyness,OTM_Put_Price,OTM_Put_IV,OTM_Put_Delta,OTM_Put_Gamma,OTM_Put_Vega,OTM_Put_Theta,OTM_Put_Rho,OTM_Put_Lambda
2013-04-19,2013-05-18,0.07945205479452055,1555.25,0.0004,1550.0,0.0033870967741935765,22.1,0.11074848946836058,0.5497164800577767,0.008153226990210082,1.7352933337751033,-0.33225945941635016,0.6617137017184974,38.685364509605265,1570.0,-0.009394904458598696,31.75,0.13475729358952104,-0.5904397891561528,0.006578846427543534,1.7037567219310077,-0.3948099813024267,-0.7548195337115073,-28.92225140419464,1600.0,-0.027968749999999987,3.05,0.09404492025110525,0.14556137013015336,0.005542788464078033,1.001772718784972,-0.16267860416116472,0.1774437070124439,74.2243675077845,1500.0,0.036833333333333274,8.95,0.16565104788933194,-0.21223342106937493,0.0039933891635071704,1.271280472580613,-0.3627128481513776,-0.2693631455307339,-36.88000364674807
2013-05-17,2013-06-22,0.09863013698630137,1667.469970703125,0.0001,1675.0,-0.004495539878731303,16.75,0.0968851587297182,0.4472775159893417,0.007794265959089077,2.0708953612267913,-0.2788650592963066,0.7190845412298266,44.526676318976115,1670.0,-0.0015149876029191267,25.549999999999997,0.11610173863266827,-0.5092065121878127,0.006559833825251843,2.0886094592465487,-0.3365536923529712,-0.8626552451108903,-33.23235099646381,1705.0,-0.022011747388196445,6.5,0.09407657248943999,0.23018551624605077,0.006166264311145053,1.5908502553394788,-0.2079669042773594,0.3721585670509211,59.05037483445727,1600.0,0.04216873168945323,6.7,0.1399818567685699,-0.1680894270189719,0.0034270886387504744,1.315596672560579,-0.2556986867040616,-0.28305278328887856,-41.833443581405874
2013-06-21,2013-07-20,0.07945205479452055,1592.4300537109375,0.0002,1580.0,0.007867122601859178,36.25,0.16599943377359833,0.5758200459526025,0.005257160381659352,1.7582624335196064,-0.503707694979705,0.6997367464630542,25.295259014451393,1600.0,-0.004731216430664098,34.8,0.17206267632918656,-0.5291786711065554,0.005151654876675202,1.7859088883955794,-0.529326539060372,-0.6971759060252875,-24.21494309373673,1625.0,-0.02004304387019229,12.55,0.14152006176848694,0.3130546654553594,0.0055774289826007635,1.590295839501916,-0.3882986378490073,0.3861112898634111,39.7225231799413,1560.0,0.020788495968549592,20.299999999999997,0.19240979569453698,-0.34208306717315073,0.004252435941283787,1.6485071030020972,-0.5465678266664995,-0.44893855764196616,-26.83464812967924
2013-07-19,2013-08-17,0.07945205479452055,1692.0899658203125,0.0001,1690.0,0.0012366661658653744,21.15,0.10560402068018628,0.5225958616955364,0.007907810179708057,1.8997161858514136,-0.346129003717756,0.6857738958064007,41.80989177108205,1680.0,0.007196408226376461,16.799999999999997,0.11779124071300942,-0.4079545728435324,0.00691117023127213,1.8518961135374636,-0.37590479388009085,-0.5618021736260994,-41.089038048745756,1730.0,-0.021913314554732666,5.4,0.09610459628197378,0.21067317396129176,0.006299293266363918,1.377171478708153,-0.22829016673020397,0.27893865611219476,66.0144377272827,1650.0,0.025509070194128736,8.75,0.12876959867686022,-0.23812464019700175,0.005040011975547802,1.476375889453372,-0.32766709207785877,-0.3270868797257311,-46.0489510171511
2013-08-16,2013-09-21,0.09863013698630137,1655.8299560546875,0.0005,1650.0,0.0035333066998106677,27.65,0.11870684503303269,0.5456080075509194,0.006420417788658341,2.0610102835739723,-0.34099974358976853,0.8637870409309858,32.673927058465765,1670.0,-0.008485056254678103,35.2,0.1324165715713051,-0.5725727674826622,0.005697454236388841,2.0401602968534993,-0.3738628034123307,-0.9698135083583942,-26.934180125537413,1690.0,-0.02021896091438613,8.899999999999999,0.10421819199407369,0.2721891381798762,0.006125585282640755,1.7263634477212029,-0.25049197796493106,0.4357468885910166,50.64032906516675,1620.0,0.022117256823881215,16.450000000000003,0.1519120651046524,-0.31439671400825064,0.004493138684720216,1.8457938649007644,-0.38870649577150246,-0.5296808190911743,-31.6466563724701
2013-09-20,2013-10-19,0.07945205479452055,1709.9100341796875,0.0001,1695.0,0.008796480341998425,29.6,0.11132914241564947,0.6160158692614912,0.007118259873689487,1.840917634880111,-0.35363871849284056,0.8133758839955177,35.58553094712445,1725.0,-0.008747806272644931,30.1,0.1125468955042673,-0.602895614694523,0.007108459853159019,1.8584919746582929,-0.36034294007298273,-0.8429841252811938,-34.24907844205002,1745.0,-0.020108862934276495,6.2,0.0965017940201238,0.2318080744579163,0.006557044788019189,1.4699250548171574,-0.24467655971169466,0.30999883899225433,63.930798847809655,1670.0,0.02389822405969322,10.25,0.1335159902977605,-0.2589557296066498,0.00503005187823769,1.5601178316182305,-0.3590149779188218,-0.359950383930822,-43.199121988259996
2013-10-18,2013-11-16,0.07945205479452055,1744.5,0.0001,1730.0,0.008381502890173476,25.85,0.09036138158746851,0.633351980456442,0.008472106546736444,1.851063649520313,-0.2886829853109931,0.85731351689492,42.74207075422852,1760.0,-0.008806818181818166,30.700000000000003,0.11215964868055778,-0.604010760839061,0.006986266040751936,1.8946493319842264,-0.3660877385252812,-0.86157551770558,-34.322370431725346,1795.0,-0.02813370473537602,2.575,0.08652269102293797,0.12351587866305103,0.004798179398576162,1.003814768987184,-0.14980445782761923,0.16915219339600104,83.67900922074914,1700.0,0.026176470588235246,8.55,0.1274476122799476,-0.23041748954517982,0.004850157539520487,1.4946332164672276,-0.32831414210511195,-0.32616126040613225,-47.01325269360943
2013-11-15,2013-12-21,0.09863013698630137,1798.1800537109375,0.0006,1800.0,-0.0010110812717013529,19.85,0.09181941908671458,0.4925760353629533,0.007692408238084267,2.2525417712229028,-0.28868321051318613,0.8540288893732693,44.62168270658262,1815.0,-0.009267188038050933,34.0,0.10935976670334399,-0.5995527611329146,0.006257545479552236,2.1824162064128716,-0.3296559496695435,-1.0968695173645042,-31.70893577082829,1840.0,-0.022728231678838307,4.9,0.08273457532291861,0.1922720491875628,0.005850523048069792,1.5436815900825496,-0.1779433967504563,0.33617072586753394,70.55913533522904,1760.0,0.021693212335760048,12.45,0.12316158667047543,-0.2824025108839827,0.0048598491530568635,1.908859890970862,-0.3256700728574921,-0.5131337051731701,-40.78799696300712
2013-12-20,2014-01-18,0.07945205479452055,1818.3199462890625,0.0002,1820.0,-0.0009231064345810447,21.1,0.10713742102156477,0.49403373996151934,0.007264361332030236,2.044487054705655,-0.37813768163271044,0.6969624845835233,42.573999154510986,1835.0,-0.009089947526396469,28.1,0.09055891002814034,-0.6347074971020976,0.008100423777775997,1.927013093372689,-0.3002284345779832,-0.9392832263886514,-41.071220510194216,1855.0,-0.01977361386034371,6.05,0.09207478204962624,0.22484395869437035,0.006352727611977927,1.5365499149160267,-0.24414742748669097,0.32002354503980934,67.57657180934167,1780.0,0.02152805971295657,9.95,0.12108999870629325,-0.26057652558927324,0.005232373887370226,1.6643811296135111,-0.3472175266426881,-0.3843584472996318,-47.619245622930315
2014-01-17,2014-02-22,0.09863013698630137,1838.699951171875,0.0001,1825.0,0.007506822559931514,29.45,0.09547287692723298,0.6043987477461674,0.006987052939237505,2.224361700774574,-0.2952494701318297,1.0670379760791908,37.73541419245103,1840.0,-0.0007065482761549058,25.4,0.1074199127508393,-0.5015123220835418,0.006431414009502777,2.303682525575212,-0.34343675797360534,-0.9345508096329642,-36.304357761480944,1880.0,-0.02196811107878993,4.8,0.0797927770473655,0.19119655063350582,0.005912194413959394,1.573054075889397,-0.17442604690290467,0.3420030459957267,73.24022653625195,1800.0,0.021499972873263884,13.05,0.12414122903054725,-0.2859124978205352,0.004743181372630197,1.9634377553238571,-0.338385139804322,-0.5313770588535259,-40.28408396797238
2014-02-21,2014-03-22,0.07945205479452055,1836.25,0.0002,1820.0,0.008928571428571397,32.45,0.11391027360192676,0.6153890477606515,0.006481430988824563,1.9778918788341386,-0.3890534794320857,0.8720324939600532,34.823055128614314,1820.0,0.008928571428571397,18.0,0.12313058593865622,-0.3920713142911527,0.0060292900743692856,1.9888447160402434,-0.4218156750475547,-0.5863092486342798,-39.9967194922765,1900.0,-0.03355263157894739,1.9,0.08928688852175773,0.08966249959235534,0.0035040967905434904,0.8381708131452191,-0.12911962921340978,0.12930247072375578,86.65408677657324,1790.0,0.02583798882681565,11.3,0.14076679186028956,-0.2536151959887477,0.0043947000944807735,1.6572888444895972,-0.40196489485674747,-0.3789870193332372,-41.2124693145481
2014-03-21,2014-04-19,0.07945205479452055,1866.52001953125,0.0005,1850.0,0.008929740287162202,32.55,0.11160589764625206,0.6177546255273897,0.006496029291471148,2.0068067703098227,-0.38769264201724324,0.8902613669974024,35.42400539661122,1865.0,0.0008150238773458884,25.35,0.12459677421924588,-0.48329381046453623,0.006080468350539022,2.097076478599171,-0.4492277659682436,-0.7368602629307743,-35.58491443877937,1905.0,-0.020199464812992174,5.95,0.09148104457669241,0.2185980240934708,0.006129385901963801,1.5520957803312851,-0.2453565417723906,0.3194509602040649,68.57438045253835,1825.0,0.02275069563356169,13.350000000000001,0.14270591644818273,-0.2808392578269122,0.004489999681133098,1.7736124440529684,-0.43565155346728385,-0.4270882414554169,-39.26532561828963
2014-04-17,2014-05-17,0.0821917808219178,1864.8499755859373,0.0002,1850.0,0.008027013830236296,30.75,0.10606994608282228,0.6097460110751166,0.0067670313181988,2.051666291766374,-0.36330643244721095,0.9093163018083535,36.978368580773626,1875.0,-0.0054133463541667926,30.55,0.117682979887534,-0.5570636573634329,0.006275740519732799,2.1110320366733073,-0.4134682673187945,-0.8789508062201549,-34.004587786727534,1905.0,-0.02107612830134531,5.3,0.08807448606301714,0.20317384452645237,0.0060018791299345795,1.5109620319766477,-0.222000046870151,0.3070592375381828,71.48844132077214,1825.0,0.02183560306078758,12.85,0.1348638407254365,-0.2814873329730384,0.004680619687877525,1.8043262494111383,-0.4052692716543138,-0.44201231179933403,-40.850711752719896
2014-05-16,2014-06-21,0.09863013698630137,1877.8599853515625,0.0001,1875.0,0.0015253255208333982,25.3,0.10138036937405448,0.5255548140895805,0.006658799616259559,2.347933903693318,-0.33086679933688173,0.9484455013029393,39.00863065168705,1890.0,-0.006423288173776465,31.6,0.10623696928360463,-0.5699173430769973,0.0062694218550822176,2.316536877032027,-0.34150626493533615,-1.0867314807341963,-33.867878908929576,1960.0,-0.04190817073899877,1.025,0.08256680520324153,0.05074507920257112,0.0021431587713179553,0.6154543966266087,-0.0706037478365436,0.09297582281820636,92.96795506040417,1840.0,0.02057607899541436,14.25,0.1261907597890402,-0.29667436177043616,0.004648320403826081,2.040138553694925,-0.3574082318903353,-0.5635360231737612,-39.09564371691543
2014-06-20,2014-07-19,0.07945205479452055,1962.8699951171875,0.0001,1950.0,0.006599997495993604,23.8,0.07530112268476455,0.6258625069033007,0.009094971110008442,2.0964812434655102,-0.27251520860965556,0.9571483654806815,51.617089730054424,1970.0,-0.0036192918186865874,22.05,0.08263726387620425,-0.5571211196860981,0.008635900333324849,2.184599132592465,-0.31095175957474674,-0.8863721520863942,-49.594391647026285,2005.0,-0.021012471263248123,2.1,0.06395206196070954,0.12127798253326788,0.005695847355421008,1.1150673507382658,-0.12301439688328328,0.1874694376324676,113.35852455851732,1920.0,0.02232812245686855,7.65,0.10540475333448855,-0.22411364880406182,0.005131185654773712,1.6556408405577423,-0.3007608550494807,-0.3555924039764185,-57.50404666781464
2014-07-18,2014-08-16,0.07945205479452055,1978.219970703125,0.0003,1970.0,0.004172573960977255,23.35,0.08527703681262865,0.573870527309849,0.00824554254748755,2.1862792624909466,-0.32236115489774736,0.8834211509441152,48.61850808273337,1960.0,0.009295903419961782,16.05,0.10879750403170517,-0.37530529287158254,0.006252130830382331,2.114955756829181,-0.3961040131901286,-0.6026330503769001,-46.25772119797314,2025.0,-0.02310124903549382,1.575,0.06307594410344694,0.09605850528888693,0.004844900067473745,0.9501734266601695,-0.10348779709852546,0.14972728091213328,120.65070397539426,1930.0,0.024984440778821337,9.600000000000001,0.1237280136756913,-0.23400907304456964,0.004443794891579814,1.7095284920395344,-0.36429535837027144,-0.37542797882325096,-48.22098141964554
2014-08-15,2014-09-20,0.09863013698630137,1955.06005859375,0.0003,1940.0,0.007762916800902131,34.3,0.1067512890666818,0.5980498069067919,0.005901793296930082,2.3751277055428006,-0.3530827362532912,1.1193763961422998,34.088142581133766,1965.0,-0.005058494354325704,30.75,0.10386634580661565,-0.5549791930114393,0.006196120422831726,2.4261885303875608,-0.34908200970863446,-1.1004831651038005,-35.285127060449796,2050.0,-0.0463121665396341,0.375,0.07461201306460259,0.022179533033385178,0.0011535713387842877,0.3244763571985676,-0.033660101768800216,0.04239845180326811,115.63286266338518,1900.0,0.02897897820723694,13.1,0.13971549893906757,-0.25026202346001447,0.00370641195886396,1.9522171214323911,-0.3784134609929703,-0.49549540563031697,-37.349411122616395
2014-09-19,2014-10-18,0.07945205479452055,2010.4000244140625,0.0001,2010.0,0.00019901712142411654,19.9,0.08711344741763576,0.5082595875890522,0.008079727713431965,2.260226805874637,-0.3397506135194455,0.7960341789372181,51.3469892736122,2030.0,-0.009655160387161299,29.1,0.07748564949666124,-0.6674665119324752,0.008272838260015621,2.0584764675133362,-0.27462850438996705,-1.089267563414008,-46.112532369497394,2065.0,-0.026440666143311087,1.525,0.06897725215778527,0.08564137184475812,0.004003491318225523,0.8867779294089072,-0.10550796824033201,0.13558367297841964,112.90059643181759,1950.0,0.030974371494391084,7.35,0.12432447376534587,-0.18721229012806817,0.003816848551580686,1.5238129243654472,-0.32652804310440886,-0.3048746900491283,-51.2070193797695
2014-10-17,2014-11-22,0.09863013698630137,1886.760009765625,0.0003,1875.0,0.0062720052083333755,44.6,0.16298521206373712,0.5589555155193772,0.004085670100280804,2.3380535829323588,-0.5300914812312819,0.9961790931866623,23.646074306039726,1885.0,0.0009336921833553724,42.7,0.1845625029849805,-0.48181739994952866,0.0036441288855807758,2.3614576519975343,-0.6045462409204643,-0.9387358049431443,-21.28978459564415,1925.0,-0.019864929991883162,18.1,0.14164117291462153,0.33426667528802845,0.0043370167147770795,2.15686802456909,-0.4248108757042182,0.6041894750472315,34.84425390295505,1845.0,0.02263415163448501,30.200000000000003,0.20645165638511487,-0.3526871789284072,0.003036203790985284,2.2008591600030014,-0.6304991041257024,-0.6861068041109658,-22.034306705795522
2014-11-21,2014-12-20,0.07945205479452055,2063.5,0.0004,2045.0,0.009046454767726253,33.9,0.10155426899920304,0.6293119294994021,0.0063959194921981944,2.197431029206502,-0.3861419940145021,1.0048183514731592,38.30634708069931,2050.0,0.0065853658536585424,18.65,0.10743084491048947,-0.4079012942952366,0.006213562827713332,2.258311079461486,-0.41735415860029235,-0.6835691863717399,-45.131598969332565,2125.0,-0.028941176470588248,2.475,0.08316011283273798,0.10752359427834446,0.003824343274710226,1.0759349562086058,-0.15450745959550824,0.17431775800016794,89.6464391066573,2000.0,0.031749999999999945,8.2,0.13044766359711688,-0.19233884484754804,0.00360345118685628,1.5902632700613584,-0.357221802506948,-0.32185328723157697,-48.401366625554225
2014-12-19,2015-01-17,0.07945205479452055,2070.64990234375,0.0001,2050.0,0.010073123094512137,44.6,0.14352500923910483,0.6057156735717798,0.0045941703166927665,2.2462245052162015,-0.5561751849375229,0.9610719975219806,28.12163902078045,2090.0,-0.009258419931220119,36.7,0.1106902984050612,-0.6111303641382669,0.005933899815003395,2.2375268411878246,-0.4266648255435959,-1.034574625642759,-34.48057298864579,2115.0,-0.02096931331264773,9.85,0.11167765094702915,0.25551606709503993,0.004931591824547935,1.8761686732188136,-0.36139417012526165,0.4125423358515847,53.714143465987405,2025.0,0.0225431616512346,15.350000000000001,0.1447253053013602,-0.2853353961464662,0.004021426837082428,1.9826366596364193,-0.4945540886559565,-0.4816222354742733,-38.49053486422709
2015-01-16,2015-02-20,0.0958904109589041,2019.4200439453125,0.0002,2020.0,-0.0002871069577661256,39.6,0.15981160097588404,0.5077106239343385,0.003991226584867324,2.4942684363858434,-0.5699872878729165,0.945173571512142,25.89093447398798,2035.0,-0.007655998061271485,51.7,0.17367408370920073,-0.546038263439691,0.00364885041724967,2.4781043003617533,-0.6141995965361194,-1.1069403146851464,-21.32844517104808,2070.0,-0.024434761379076075,15.2,0.1377274149368677,0.28833008353478734,0.0039636763615384756,2.1347503223190487,-0.42033020817397726,0.5437557328408152,38.306549339614385,1975.0,0.022491161491297484,29.700000000000003,0.19757230470741038,-0.34662446726312757,0.002987333141042587,2.3080128791190457,-0.6510279234418143,-0.6996935316641456,-23.56836321987122
2015-02-20,2015-03-20,0.07671232876712329,2110.300048828125,0.0002,2090.0,0.009712942023026416,38.3,0.11601808956681567,0.6245124696889778,0.005594198871868703,2.217262929088679,-0.4600629574140904,0.981617629250296,34.410148696651525,2130.0,-0.009248803367077452,37.900000000000006,0.1149675682777293,-0.60849652140015,0.005715945131677404,2.245003289369151,-0.4601730553892459,-1.0141448407426537,-33.881536641921656,2160.0,-0.023009236653645848,4.85,0.08883392612446238,0.17536573299563563,0.004971193463544527,1.5086660120067217,-0.23952284622851544,0.28017207719060344,76.30398254415266,2050.0,0.02941465796493903,11.899999999999999,0.1473045340913791,-0.23228514066120054,0.0035462842336409224,1.784609665874129,-0.4691554088958047,-0.3851659622744269,-41.19254988977048
2015-03-20,2015-04-17,0.07671232876712329,2108.10009765625,0.0,2100.0,0.00385718936011914,27.95,0.10185779433365538,0.5598411789251244,0.006632376865348596,2.3030909403941213,-0.4189067202470883,0.8839187625226379,42.225447069671176,2115.0,-0.003262365174349857,28.95,0.10865845983148244,-0.537259311005993,0.006260702641255192,2.319178869969002,-0.4499971501509815,-0.8910492977508064,-39.1225010732945,2160.0,-0.024027732566550886,3.425,0.08127022065506168,0.14248262840477904,0.004746787764037282,1.3151608636842587,-0.19086323855093076,0.22779161643685708,87.69858187463646,2050.0,0.02834151105182925,10.7,0.13763524356720777,-0.22596982602206506,0.003741092539583203,1.7553985303353143,-0.4314369719289635,-0.37364044779347955,-44.520281533214515
2015-04-17,2015-05-15,0.07671232876712329,2081.179931640625,0.0003,2085.0,-0.0018321670788369326,23.9,0.11184466222174162,0.4828637519673129,0.006182323032017048,2.2974781069844408,-0.45966464952362346,0.7525681595133797,42.047128478097065,2080.0,0.0005672748272236294,28.65,0.12728279463272282,-0.4862925285581513,0.005434275984442631,2.2982423256332676,-0.5215137378348739,-0.7983546038019373,-35.32503489824569,2125.0,-0.020621208639705846,6.9,0.09584005484561388,0.2204046236122575,0.005365341444276585,1.7085545311364905,-0.29277841522292847,0.3465875899943308,66.4785072759738,2000.0,0.0405899658203126,9.35,0.16161425539780286,-0.18094629550535068,0.002825988909511406,1.5175204228857395,-0.4376344622024639,-0.2960572704299624,-40.27612804094775
2015-05-15,2015-06-19,0.0958904109589041,2122.72998046875,0.0002,2120.0,0.0012877266362028017,27.9,0.10109216800116491,0.5228763748591282,0.005993705649066394,2.6180480238003074,-0.37868453440248334,1.0375585614994542,39.78227085993883,2115.0,0.003654837101063846,27.7,0.12009032890002838,-0.45334607543214633,0.005019221749732791,2.604408504840157,-0.4462636227159515,-0.9493450877990652,-34.74120237725707,2175.0,-0.024032192887931014,4.2,0.07754930167892454,0.15861386197506944,0.004746006032165094,1.5902699942979255,-0.17635979948204625,0.3188302467022773,80.16533336414743,2075.0,0.02300240022590372,16.4,0.13598992067714694,-0.2872088182923376,0.003811924951876794,2.2398335707302253,-0.4347923634492171,-0.600337997905346,-37.174803002691654
2015-06-19,2015-07-17,0.07671232876712329,2109.989990234375,0.0,2095.0,0.0071551266035203565,34.55,0.11355808087685877,0.5957681273610935,0.00583739491969171,2.263930430687728,-0.4590849909778906,0.9378195612743037,36.38393010802239,2130.0,-0.009394370781983574,40.15,0.1240426742161803,-0.6016250839546236,0.005323797393548906,2.2553741411293875,-0.4995761425423394,-1.0046038723433528,-31.617008841632394,2160.0,-0.0231527822989005,4.699999999999999,0.08822962371257714,0.17197954388093706,0.0049442613912127524,1.4898474663733443,-0.23472978812010106,0.27476447266084864,77.20747206105231,2065.0,0.021786920210351113,16.8,0.15072325930587863,-0.2955772617828689,0.003920668178556547,2.0182098510015543,-0.5431985119753321,-0.49131566567644996,-37.12291939202267
2015-07-17,2015-08-21,0.0958904109589041,2126.639892578125,0.0003,2140.0,-0.006243040851343418,16.05,0.08372598504026905,0.4100262924796562,0.007050692354206786,2.5600893540663896,-0.306912078345751,0.8207531361851886,54.32886421135128,2125.0,0.0007717141544116846,27.85,0.1092624732539744,-0.4838204662926895,0.00553987714710842,2.625029892938152,-0.40887036924060716,-1.0133333326885654,-36.944772649603316,2190.0,-0.02893155590039953,2.05,0.07137720082625797,0.0941020621323928,0.0035706926839238653,1.1052870422950092,-0.11286607708657073,0.18993128674658954,97.62008441768316,2075.0,0.0248866952183735,13.600000000000001,0.12813478671448453,-0.26105502820350024,0.0038520438066577734,2.14053020383628,-0.3913559193840873,-0.5453959260212642,-40.82132625760448
2015-08-21,2015-09-18,0.07671232876712329,1970.8900146484373,0.0002,1990.0,-0.009603007714353184,41.1,0.2288146473445205,0.4521108425874106,0.0031709334373934916,2.162025902799865,-0.8838642935204565,0.6520246814644914,21.68031026533892,1990.0,-0.009603007714353184,56.900000000000006,0.21363425665446234,-0.5529959805381451,0.0033907013018748535,2.158491646067905,-0.8228140451257564,-0.879732580400503,-19.154556209611656,2020.0,-0.024311873936417205,26.15,0.2115695814902646,0.3480999585518352,0.0032007858081168628,2.017900672188599,-0.7627301708950139,0.5062374933555602,26.23582150763132,1930.0,0.021186536087273167,36.400000000000006,0.25262108877275985,-0.36887222704692124,0.0027352634207274975,2.059011183254837,-0.9284203502146058,-0.5856269723658701,-19.972708483174827
2015-09-18,2015-10-16,0.07671232876712329,1958.030029296875,0.0,1940.0,0.009293829534471554,53.75,0.20503958411423412,0.575851686968396,0.0035226898826435427,2.1243006763885286,-0.7777959414648038,0.8237253989690246,20.977393240537626,1950.0,0.004117963741987252,36.95,0.18917313315546314,-0.45833452674073416,0.003867421002559607,2.1517151181531635,-0.7268690902839492,-0.7167867800277758,-24.287760942411342,2000.0,-0.020984985351562457,19.549999999999997,0.16826139333140808,0.3329508692500769,0.003982815057375371,1.9709630576799133,-0.592208911232062,0.4851117372011347,33.34669056448447,1900.0,0.030542120682565788,23.4,0.21963359738663465,-0.2998001174016691,0.00291819118360955,1.8850218082400405,-0.7393109301714627,-0.4682655811029601,-25.086223778703076
2015-10-16,2015-11-20,0.0958904109589041,2033.1099853515625,0.0003,2015.0,0.008987585782413099,41.3,0.1255184454845377,0.5988506663291492,0.004892623376716998,2.434143987539685,-0.43743814864241554,1.1278910802928126,29.480127589537602,2045.0,-0.005814188092145511,40.3,0.13521661728759626,-0.5468238092936965,0.004653999839601644,2.494326826396248,-0.48087372984553756,-1.104708305216307,-27.586921783036008,2075.0,-0.02018795886671687,10.2,0.10216244085593165,0.2650220809333592,0.005092695258112781,2.062224187331155,-0.301408562216112,0.5068949689792326,52.82539595799344,1975.0,0.029422777393196098,17.6,0.16224253390531165,-0.27329314683248884,0.0032566473754344002,2.094268610788753,-0.4849280566279302,-0.5496774219552131,-31.570171917782435
2015-11-20,2015-12-19,0.07945205479452055,2089.169921875,0.0005,2070.0,0.009260831823671545,41.75,0.1333561625224215,0.6045283109932369,0.0049046904785346465,2.268179170140534,-0.523182669586263,0.9702783168004869,30.250595550817103,2110.0,-0.009872074940758258,40.3,0.12175199851482328,-0.6067170647512715,0.005363976515243051,2.2647258076435537,-0.4736134333687883,-1.0391018148026117,-31.45248244909851,2140.0,-0.023752372955607504,6.4,0.0991692358490671,0.1991727860503788,0.004782031452714218,1.6445309741814862,-0.28174551674403986,0.3255196718432781,65.01653028461509,2025.0,0.03168885030864188,13.9,0.16263876098875726,-0.2406218854193034,0.0032504628688650233,1.8332509936589532,-0.5133572773627054,-0.410449319731039,-36.16546723120506
2015-12-18,2016-01-15,0.07671232876712329,2005.550048828125,0.0016,1990.0,0.007814094888505041,46.05,0.1704801089143862,0.5757588948853392,0.0041366037512522704,2.1759545066293406,-0.6672830389757409,0.8504814198423205,25.07520677300217,2025.0,-0.009604914158950595,50.0,0.17814348025166818,-0.5668851622540855,0.003974774018155839,2.184814404360097,-0.6898157239588746,-0.9105113374104493,-22.738331296772103,2050.0,-0.021682903010670773,15.200000000000001,0.14574718585526403,0.30159414708497734,0.004304944809277777,1.9359758772539006,-0.5064473846856574,0.4523435720425063,39.79356292187777,1960.0,0.023239820830676106,25.75,0.20538529933025576,-0.33197647656642126,0.0031818998288242507,2.0164526763792208,-0.7365216688742794,-0.5305006105766313,-25.856133545330056
2016-01-15,2016-02-19,0.0958904109589041,1880.3299560546875,0.0019,1880.0,0.00017550853972747582,50.75,0.21710549903152995,0.5155288985434382,0.0031534678380166817,2.3211464339286807,-0.7246870497760207,0.8808631525979336,19.100776751288954,1895.0,-0.007741447992249295,57.05,0.21257657610657135,-0.5328275820542188,0.0032121761594092603,2.3150377224782512,-0.6975202617873785,-1.0154235133727985,-17.561641787873608,1920.0,-0.020661481221516897,30.75,0.20395413802460877,0.38357319673075213,0.003215260958323499,2.2232692332893635,-0.6513728676135057,0.662117699286569,23.455094999330704,1800.0,0.04462775336371538,27.75,0.26230050951862594,-0.28082727989269063,0.0022072105499683593,1.9628459098984292,-0.7326146370265694,-0.5329569353448032,-19.028754841786604
2016-02-19,2016-03-18,0.07671232876712329,1917.780029296875,0.0026,1910.0,0.004073313767997355,41.2,0.17488396933325193,0.544691274545926,0.00426768291544575,2.105740726130885,-0.6647551653987193,0.769730009774873,25.354321564533787,1900.0,0.009357910156249982,32.75,0.19534890800559496,-0.41961017358022823,0.0037664213451971697,2.0758818932231886,-0.7181795691059895,-0.6424427481505424,-24.571603388761957,1960.0,-0.02154080137914538,16.75,0.1568893681720616,0.3174578397028649,0.004276894840514745,1.8931491750969085,-0.5346013335384342,0.45418631636722745,36.34712299470786,1875.0,0.022816015624999908,25.35,0.20798447007147697,-0.33582365996265584,0.0033008857801823657,1.936975623694715,-0.7146261441745179,-0.5135015188045903,-25.405755757139517
2016-03-18,2016-04-15,0.07671232876712329,2049.580078125,0.0027,2030.0,0.009645358682266014,36.1,0.11017647097946856,0.6317947569317721,0.006027254106582457,2.139948432934747,-0.43033314300930664,0.9656654937809716,35.87019242432713,2035.0,0.007164657555282616,23.9,0.13660511946725906,-0.4156321834088519,0.005029055604599918,2.213850867608902,-0.5335634090039162,-0.6718246685585376,-35.643156608467265,2095.0,-0.02168015363961817,6.0,0.09334740226166638,0.20416604072141237,0.005348811098025924,1.608994079301537,-0.271257137175698,0.31640356688717325,69.7424416147226,2000.0,0.02479003906249999,13.8,0.1472475271347138,-0.2656875044452771,0.003923689966320705,1.861819793049455,-0.48542039962540773,-0.42832161236455457,-39.459986674365034
2016-04-15,2016-05-20,0.0958904109589041,2080.72998046875,0.0019,2060.0,0.01006309731492716,41.900000000000006,0.11801803815421766,0.6168578367409325,0.00501964756750606,2.4593947782246044,-0.4211102660778049,1.190589337281144,30.632806552997263,2085.0,-0.0020479709982014205,33.0,0.12055721088445076,-0.5125121051667204,0.005133338369224401,2.5692106500076903,-0.4367583425773557,-1.0542185093171013,-32.31513038101639,2130.0,-0.023131464568661997,6.7,0.09028086480394638,0.20706916701158684,0.004913578785215054,1.8416210232420405,-0.23972669971735608,0.40672399545504667,64.30671997480424,2000.0,0.04036499023437501,11.55,0.156992388589359,-0.1998822383676968,0.0027667074505758433,1.803218964802246,-0.4021915591142592,-0.40988448788275067,-36.0087416393798
2016-05-20,2016-06-17,0.07671232876712329,2052.320068359375,0.0026,2035.0,0.008511090102887087,38.5,0.127436165518089,0.6038839681389361,0.005319521850489336,2.190385939904083,-0.5070083531940839,0.9212101158798586,32.19125160440695,2035.0,0.008511090102887087,23.85,0.14143726527835168,-0.40476844531382794,0.004820076706455083,2.2027902767327983,-0.5502638217834958,-0.6555562546294149,-34.830792593539094,2095.0,-0.020372282406026287,8.2,0.10274640635554295,0.24132852505314073,0.005338803170030414,1.772416977066959,-0.3286651259952182,0.3736530000264088,60.400411591713215,1950.0,0.05247182992788457,7.1,0.17416053548598742,-0.13819560310051293,0.0022285252109488585,1.2540725260055279,-0.38794686110480403,-0.22301931705718533,-39.94670482919886
2016-06-17,2016-07-15,0.07671232876712329,2071.219970703125,0.0022,2055.0,0.007892929782542524,43.8,0.15308724157395495,0.583400815365749,0.004443049429937937,2.2384003204829197,-0.618930875824085,0.8933545137501565,27.58793195684979,2080.0,-0.004221167931189873,43.45,0.17047685338159624,-0.524880182840354,0.004071366125653532,2.284142509080802,-0.6885308774365484,-0.8673036951754866,-25.020536638130682,2155.0,-0.03887704375725054,2.05,0.10026783540514926,0.07958294610066069,0.0025743935062191615,0.8494820128160044,-0.15308066726780434,0.12487523393191152,80.40671761364554,2020.0,0.0253564211401609,23.9,0.1994326611728228,-0.314193136374316,0.0031016090024104867,2.035639876006479,-0.7208854618827626,-0.5175497743500248,-27.228581547699562
2016-07-15,2016-08-19,0.0958904109589041,2161.739990234375,0.0027,2150.0,0.005460460574127968,31.35,0.0928193944502498,0.5842741276687349,0.006276872806416621,2.6107431807562755,-0.3552934835008676,1.181080990313104,40.28863626924413,2150.0,0.005460460574127968,25.5,0.11741086413350585,-0.43050890958885346,0.004998671767547378,2.6299348974161143,-0.434045591859625,-0.9168545590280628,-36.49601302354677,2205.0,-0.019619052047902485,6.95,0.0816456601861431,0.22338121590763177,0.005464993847715531,1.9994238843958,-0.2367267862642841,0.45638284288168035,69.48087959501999,2110.0,0.02452132238595972,14.95,0.1329281462023213,-0.26914508571936846,0.0037099197431480573,2.209853869047203,-0.41523092186309263,-0.5722468307976364,-38.91783912857969
2016-08-19,2016-09-16,0.07671232876712329,2183.8701171875,0.0027,2165.0,0.008715989463048412,31.95,0.08693528225977819,0.6484190497515365,0.007055439569296854,2.2440830386552775,-0.3586136303974964,1.0617853042075251,44.32121977274001,2200.0,-0.00733176491477272,28.65,0.08190769117253552,-0.6193989632203519,0.00768901957046502,2.304169527084844,-0.32679833087100113,-1.0596556936800092,-47.2142019511478,2230.0,-0.02068604610426006,2.0,0.06111578199927849,0.11234058511345957,0.005163862413023374,1.1546405718667023,-0.12781210301729828,0.1866696688813688,122.6686330790342,2140.0,0.020500054760514086,10.25,0.11209675752867657,-0.2495838222706388,0.004682580594936347,1.9204238454407936,-0.38030881979348585,-0.4259901982061611,-53.17645355289069
2016-09-16,2016-10-21,0.0958904109589041,2139.159912109375,0.002,2125.0,0.006663488051470656,42.849999999999994,0.13323177484359247,0.5738770736799036,0.004442612985251366,2.5972154491876216,-0.5008227534390819,1.136075865223033,28.64912115293243,2160.0,-0.009648188838252358,44.6,0.12578819402663952,-0.5888154101353953,0.004668691548054223,2.5768951388223744,-0.45591526940981797,-1.2505742804051285,-28.241487017773807,2190.0,-0.02321465200485162,9.2,0.10219732658185875,0.23566264255438935,0.004546415249034035,2.038779777870832,-0.3003659519619873,0.4745808964590493,54.795660633726065,2095.0,0.021078716997315006,22.15,0.1552697539336567,-0.32208659819664753,0.0034863363649695997,2.3752965239387103,-0.5229771833430509,-0.6819196128245183,-31.105857297394245
2016-10-21,2016-11-18,0.07671232876712329,2141.159912109375,0.0025,2125.0,0.007604664522058879,36.4,0.11593224668282409,0.601783082345092,0.005612726067208064,2.288450238326439,-0.4823353676248012,0.96052566377207,35.398731090692316,2150.0,-0.004111668786337175,32.900000000000006,0.12018098962700433,-0.5403729809179019,0.005568792989952156,2.353749410369715,-0.49698542449758804,-0.9128191507121974,-35.16793205415217,2225.0,-0.03768093837780895,0.75,0.07844529377437932,0.040221511630839875,0.0018606947164246498,0.5133403382990722,-0.07249389796345318,0.06548984308476118,114.8275841854421,2090.0,0.02447842684659096,14.350000000000001,0.1459465855719353,-0.26656909463537204,0.0037957100827388335,1.9482753999042444,-0.5037497459982763,-0.44885692215731376,-39.774707960362456
2016-11-18,2016-12-16,0.07671232876712329,2181.89990234375,0.0028,2185.0,-0.0014188089959954464,23.65,0.10340229312760006,0.4889283315550605,0.006381829522088258,2.4099619260489447,-0.4529943145251564,0.8002190411462553,45.107512398641695,2180.0,0.0008715148365825431,26.25,0.113791163332072,-0.47997591618647795,0.0057941081395829755,2.4078528718160053,-0.4810369654590535,-0.8235140641685262,-39.89559572612159,2275.0,-0.04092311984890107,0.8500000000000001,0.08565368673749556,0.040896342390188994,0.0016950246485064287,0.5302209595344864,-0.08177688960099433,0.06779967980992863,104.9785004441486,2135.0,0.021967167374121743,13.1,0.1309829041312037,-0.26663480459922173,0.004150885584380333,1.9855928051678553,-0.45986288172018946,-0.45633897850052363,-44.409958328596254
2016-12-16,2017-01-20,0.0958904109589041,2258.070068359375,0.0046,2260.0,-0.0008539520533739076,27.95,0.10184239381503492,0.5010633735748012,0.00560215241319107,2.7895459976697947,-0.4197555809612969,1.0581374579419682,40.48072282445616,2270.0,-0.005255476493667421,32.5,0.09541562102321847,-0.5590803064907204,0.005913819968673651,2.75891035146085,-0.359741811686667,-1.241725690364787,-38.8443850713916,2305.0,-0.020360057110900165,8.75,0.09002501648016409,0.2394349887205725,0.004932152302719264,2.170949376725938,-0.2859031833944256,0.5100516259503679,61.78982644224111,2175.0,0.03819313487787346,8.35,0.1303569236644003,-0.16861637041958255,0.002761690917740722,1.7601885132977089,-0.3228859611441414,-0.37310726760921076,-45.5985124738249
2017-01-20,2017-02-17,0.07671232876712329,2271.31005859375,0.0046,2260.0,0.0050044507051991705,26.85,0.08079373955540216,0.5987212368801007,0.007607596296001222,2.4324458646858234,-0.3677398457397887,1.022599558721762,50.64735819807126,2250.0,0.009471137152777809,16.15,0.1029243583352473,-0.36043054592044255,0.005780426540288974,2.3544857689744534,-0.4222184120504638,-0.640394155750781,-50.69037275220908,2325.0,-0.023092447916666647,2.375,0.06844395741935455,0.1142278337039207,0.004486468313780411,1.2152279021723102,-0.15176660717655097,0.1972057856277555,109.2407709330387,2220.0,0.023112639006193758,10.25,0.11769991457075396,-0.2332926430181841,0.004133574122806058,1.925395234922403,-0.39786940930381925,-0.4143462451266097,-51.695602604343236
2017-02-17,2017-03-17,0.07671232876712329,2351.159912109375,0.005,2350.0,0.000493579621010598,21.65,0.07934245828249054,0.5202961030851984,0.007711291960905912,2.5945515392007916,-0.384064694965654,0.9218131919955784,56.503432583037174,2355.0,-0.0016306105692674988,25.75,0.09330082971790922,-0.5141149453110825,0.006562024804486457,2.5962880659396457,-0.4156527992164193,-0.9470263177679928,-46.94238581768484,2400.0,-0.020350036621093803,4.2,0.07414074912127476,0.16545540854187013,0.005150655527511646,1.6193807740063673,-0.2196680127016334,0.2951983415492897,92.62193423936313,2300.0,0.022243440047554408,9.95,0.11208510460384583,-0.2307030245249181,0.004167244768862148,1.9807351792477632,-0.38888134488176224,-0.42373566247159994,-54.51454300488342
2017-03-17,2017-04-21,0.0958904109589041,2378.25,0.0070999999999999,2365.0,0.005602536997885821,34.1,0.08876582475102697,0.5955190698342193,0.005926889071068841,2.8534008238033035,-0.38872146621894116,1.3253907664154214,41.533525742902114,2400.0,-0.009062499999999973,34.75,0.07905656434795445,-0.6299892613831197,0.00648511132547825,2.780645105229202,-0.28421992808654983,-1.470021058436088,-43.115739811975956,2430.0,-0.021296296296296258,5.25,0.07306345001267747,0.18140126721897254,0.0049003849222168435,1.9418718278250924,-0.2109753422643995,0.408653828292566,82.17477447746275,2300.0,0.034021739130434714,7.5,0.11499753463561241,-0.16442803352495705,0.0029244813961556873,1.8240115480768622,-0.2918999806447852,-0.382172163688481,-52.14012961866079
2017-04-21,2017-05-19,0.07671232876712329,2348.68994140625,0.0072,2330.0,0.008021434079935608,42.8,0.12313778366723913,0.605459503758064,0.004805313578706068,2.5039728101031216,-0.5778026852298795,1.0580445506670504,33.22515528975051,2370.0,-0.00899158590453586,38.7,0.10571947496464763,-0.6083278111363485,0.005585723204619269,2.498911933795041,-0.44280911075886775,-1.1257330276901463,-36.91920958663461,2450.0,-0.041351044323979624,0.825,0.08420883959142463,0.03792373584104467,0.0015062918589704446,0.5367639674007003,-0.08245551426299544,0.06769563597049948,107.96496329621539,2300.0,0.021169539741847876,16.95,0.14271166555561873,-0.2864721462888967,0.0036659544950526325,2.2139259315456874,-0.5505951847084991,-0.5291495604791828,-39.69523589863013
2017-05-19,2017-06-16,0.07671232876712329,2381.72998046875,0.0070999999999999,2375.0,0.0028336759868421435,27.95,0.0902972658984674,0.558602074459748,0.006625074909973454,2.603248384684818,-0.4450971855149606,0.9991698800519226,47.60069085568714,2380.0,0.0007268825498949472,23.85,0.09632986551240717,-0.47568421669973304,0.006266373932079082,2.6268028248623163,-0.4293541987763197,-0.8874092628069977,-47.503201095279664,2430.0,-0.019864205568415616,3.4000000000000004,0.06722613315535288,0.14939777473657279,0.005243519740689549,1.5339501723081073,-0.19100099803588624,0.27035354667852257,104.65445725721477,2325.0,0.02439999159946238,11.1,0.1235038445352671,-0.23032717974549266,0.0037300127462719414,2.0046613009335363,-0.43122630381062443,-0.4293413748177625,-49.42136480616403
2017-06-16,2017-07-21,0.0958904109589041,2433.14990234375,0.0085,2420.0,0.00543384394369828,33.150000000000006,0.08296876741636686,0.6008296817532159,0.006176807632917981,2.9093208950625105,-0.3781049891340921,1.370042571285106,44.09980939613806,2445.0,-0.00484666570807768,28.15,0.07597912934086935,-0.5635954197233184,0.006880087832581738,2.9675716047822824,-0.2895147954753343,-1.3419499973711924,-48.71446384697204,2485.0,-0.02086523044517108,3.15,0.05976284187083203,0.13871714771426336,0.004912155740573907,1.6665420665867035,-0.15006853250306268,0.320628397390181,107.14908417323713,2375.0,0.024484169407894774,10.45,0.10740790272159854,-0.22112170266547848,0.0036694569718510634,2.2374376806656393,-0.3305394853659553,-0.5259322937885523,-51.485382752091944
2017-07-21,2017-08-18,0.07671232876712329,2472.5400390625,0.01,2460.0,0.0050975768546748235,25.299999999999997,0.06288087174653954,0.6348417482173605,0.008729992992890555,2.5744489359759006,-0.33138939709328574,1.1847234505562099,62.04235727021255,2480.0,-0.003008048765120952,22.65,0.07219781988308119,-0.5407381761443393,0.008026714979102584,2.717776621703182,-0.3131378797963878,-1.0430167165099036,-59.028555906118974,2525.0,-0.020776222153465307,1.2999999999999998,0.051941078922785856,0.08092415663208469,0.004215935515208636,1.0269676400564045,-0.10069947975582,0.1524950709971174,153.91403109899133,2380.0,0.0388823693539917,4.300000000000001,0.11622190528617694,-0.1102993308222413,0.0023671330932020793,1.2902162303872082,-0.2601807609908597,-0.21250811859344904,-63.42314229313709
2017-08-18,2017-09-15,0.07671232876712329,2425.550048828125,0.0097,2410.0,0.006452302418309186,40.6,0.1167006658896709,0.5941228857847198,0.004946259604107637,2.6051689187218505,-0.5801197893709477,1.0743368287534438,35.49445306957444,2440.0,-0.005922111136014374,35.1,0.10545378893018494,-0.5648518476148662,0.005556683739232424,2.6446214456643924,-0.4606665118977219,-1.0779435602375858,-39.033516231252555,2475.0,-0.019979778251262625,5.85,0.08091353028790746,0.19595741354288715,0.005087199052963604,1.8577425511147345,-0.280898250511154,0.36012949017988083,81.24863483216811,2350.0,0.03214895694813835,12.850000000000001,0.15254321994433584,-0.21544026327035093,0.0028546020228968285,1.965278604405935,-0.5211104198603667,-0.4107263547415797,-40.66623695390623
2017-09-15,2017-10-20,0.0958904109589041,2500.22998046875,0.0098,2495.0,0.002096184556613201,24.95,0.06791788519650592,0.5614953743780199,0.007496480831895084,3.051944884437107,-0.3331396241009717,1.322249723643734,56.26723729486434,2500.0,9.199218750000071e-05,21.7,0.07439481107095125,-0.4775501133928983,0.0069153076064076505,3.0838215947666994,-0.29510300875237117,-1.1657254485983877,-55.02235533092848,2560.0,-0.023347663879394576,1.55,0.052729028736069265,0.08361770219221026,0.0037650697138620374,1.1900299474857539,-0.09521319967555542,0.1989855344453808,134.87966857316712,2400.0,0.04176249186197922,6.9,0.12590441676445488,-0.13719642775102814,0.0022520902825531805,1.6996592383854738,-0.2963113960007349,-0.33554224013909556,-49.71342358276971
2017-10-20,2017-11-17,0.07671232876712329,2575.2099609375,0.0098999999999999,2570.0,0.002027222154669328,22.1,0.06439214874251116,0.565548680461799,0.008568727328825675,2.8069824325418637,-0.36166673595760324,1.1002899910306314,65.90075130819623,2580.0,-0.0018566042877906641,20.9,0.06832284360568716,-0.5193842289786779,0.008176846393864085,2.84211879610562,-0.3099080153019688,-1.0420782548487812,-63.996338874053855,2630.0,-0.02083271447243351,1.7000000000000002,0.05513257181862969,0.09319627720083656,0.0042377805918462725,1.1886039618023254,-0.12348275267527063,0.18280546516045934,141.1764596291596,2500.0,0.03008398437500004,6.449999999999999,0.10991390779857933,-0.1553373994779499,0.0030438776973115878,1.702042112059251,-0.32304305848206744,-0.3118175264758631,-62.01959975835431
2017-11-17,2017-12-15,0.07671232876712329,2578.85009765625,0.0108,2565.0,0.005399648209064356,31.4,0.07926818955704701,0.6156190109431483,0.00674813537897896,2.7289783457201495,-0.43233395318989815,1.1937889342926642,50.56016389912799,2580.0,-0.00044569858284881914,23.6,0.08455975429214105,-0.48881096488663067,0.006602627773821614,2.848379755498937,-0.39210672835938837,-0.9851168691871023,-53.41399184717747,2635.0,-0.021309260851518075,2.2,0.059943437187084864,0.10764226576210306,0.004323882200802248,1.322308711812957,-0.14969099629833213,0.2112605888227267,126.17875798427471,2500.0,0.031540039062500025,8.6,0.12558816932160116,-0.17516721679101543,0.002875391403911735,1.842311502160959,-0.39954450702273764,-0.35312985850883377,-52.52674350380911
2017-12-15,2018-01-19,0.0958904109589041,2675.81005859375,0.0124,2700.0,-0.008959237557870425,13.75,0.06845187319120452,0.3602172609542721,0.006597362437004296,3.1005691698292916,-0.3354778182587489,0.9110768204601314,70.09985119052969,2690.0,-0.005275071154739797,26.049999999999997,0.06061001129960438,-0.5828013365457699,0.007771980454461919,3.23416228651729,-0.22616820961782674,-1.5203574999229286,-59.86432546990249,2730.0,-0.01984979538690479,5.0,0.06453601200814878,0.1752119444905444,0.004824248923056691,2.1375563733488185,-0.21282816394349532,0.44477221701259834,93.76677673622889,2600.0,0.02915771484375007,6.949999999999999,0.09854442779002977,-0.15960937145242626,0.0029750455979678262,2.0128501408033688,-0.2686192449817478,-0.41619733327925074,-61.45098488896059
2018-01-19,2018-02-16,0.07671232876712329,2810.300048828125,0.0128,2800.0,0.0036785888671875266,32.5,0.08213588929533527,0.5854838362859432,0.006096294943452282,3.033678004571456,-0.5015147425101176,1.2372818384566842,50.627238575459025,2825.0,-0.005203522538716809,33.8,0.08813221947303244,-0.5640704422637787,0.005740379327242117,3.065108467059093,-0.42560745045517945,-1.2419781200235,-46.89962002565282,2900.0,-0.030931017645474124,1.85,0.07472717825366393,0.07210856814725851,0.002361602643586374,1.0691926346668723,-0.14971618920828714,0.15403583431190815,109.53876355950113,2700.0,0.04085186993634249,6.35,0.13037782277120147,-0.12424095837130023,0.002019855488433292,1.5954917828354622,-0.3589914704148697,-0.2727156821524657,-54.98494037435057
2018-02-16,2018-03-16,0.07671232876712329,2732.219970703125,0.0135,2720.0,0.004492636287913632,51.35,0.14422629513058824,0.5628162195952908,0.003609846507979093,2.98146470996176,-0.8228431432339112,1.1402426307633953,29.94620677041773,2740.0,-0.0028394267506842708,43.55,0.1357947732817368,-0.5116719500243228,0.0038805460233861436,3.0176744277586387,-0.678440268898655,-1.1058468211974983,-32.10104051392608,2825.0,-0.032842488246681456,8.3,0.12113007640608803,0.1716353349775312,0.0027776205045958492,1.926732354862817,-0.43379692534429787,0.3533718827478448,56.49945734092947,2665.0,0.025223253547138835,22.6,0.16776028740517313,-0.28040568841506086,0.0026534533767162,2.54916010083847,-0.7344846350691461,-0.6050531673977785,-33.89955848611954
2018-03-16,2018-04-20,0.0958904109589041,2752.010009765625,0.0171,2750.0,0.0007309126420453893,41.4,0.11206837909750574,0.5341298961871458,0.004161943621721476,3.3873063928265066,-0.6092256004392987,1.3698240747609172,35.50557538217623,2760.0,-0.0028949239979619845,40.75,0.11462273724931202,-0.5070746836893213,0.004083507856448641,3.399220750310186,-0.4893252708401893,-1.3772016762304458,-34.24477558801822,2830.0,-0.02755830043617491,8.65,0.09639584875089516,0.19315581393247522,0.0033368814342098607,2.3360078911257345,-0.3461860955876183,0.5014270046046461,61.45280145393729,2690.0,0.023052048240009393,21.25,0.14058483271315902,-0.279965915628559,0.0028095872974510977,2.8685088721969043,-0.5390068497829567,-0.7591826048521864,-36.25736480955008
2018-04-20,2018-05-18,0.07671232876712329,2670.139892578125,0.0165,2675.0,-0.0018168625876168187,37.35,0.12905198835828743,0.500960288868943,0.004180011808251808,2.9503626833678265,-0.7386909830335991,0.9974781767304548,35.813495272544685,2680.0,-0.003679144560401082,43.150000000000006,0.1348491704783775,-0.5183943248397687,0.0039960712403230205,2.947234543497787,-0.6451768586152813,-1.0949421991314763,-32.07845586456007,2725.0,-0.02013214951261466,14.75,0.11595986683617919,0.2817141256672398,0.003936872488356646,2.496848858522652,-0.5503629761006307,0.5657274385454667,50.99770340623845,2600.0,0.02697688176081736,20.05,0.1653695380166002,-0.26378621248054146,0.0026719728943863826,2.4166889635723425,-0.680908215759156,-0.5557011094135538,-35.12948074994216
2018-05-18,2018-06-15,0.07671232876712329,2712.969970703125,0.0168,2700.0,0.0048036928530093,39.5,0.10230854953378675,0.5904750431722644,0.005055409001071418,2.920272408530513,-0.6054308710342781,1.1985849231815748,40.555469887995876,2700.0,0.0048036928530093,26.3,0.11340383985094935,-0.4171040709647612,0.004580275371363034,2.932746257830552,-0.5406065259714836,-0.8882450119778589,-43.026266889178515,2800.0,-0.0310821533203125,2.825,0.08337262341577895,0.0967941643096002,0.0027353277279467594,1.2876207758846605,-0.20365732661503977,0.19927919209099346,92.9556324941756,2650.0,0.023762253095518826,14.45,0.13164054312961546,-0.2426883684612089,0.003161873685770433,2.3501161227037537,-0.5214776113876644,-0.516163703371909,-45.56444580511606
2018-06-15,2018-07-20,0.0958904109589041,2779.659912109375,0.0182,2760.0,0.0071231565613678605,45.7,0.09356072611702776,0.6254073520406567,0.004706966498750454,3.2628206212784194,-0.5205067742948851,1.6231559200549177,38.03981936513732,2800.0,-0.007264317103794604,38.150000000000006,0.08650005664809726,-0.5767724585613774,0.00525862110953171,3.3701309782050206,-0.33460795485764067,-1.5739272562058617,-42.024411047753446,2840.0,-0.02124650982064258,7.15,0.07489479857738197,0.20069606761623354,0.004351856175098882,2.4148196350436133,-0.2858281574059813,0.5280846158485826,78.02333058145459,2700.0,0.029503671151620336,12.05,0.12185444103200326,-0.2016625006442747,0.002682476067715579,2.4217857827207876,-0.3930273558532664,-0.549071531741967,-46.5189351714992
2018-07-20,2018-08-17,0.07671232876712329,2801.830078125,0.0186,2785.0,0.006043116023339401,38.349999999999994,0.08646595808691405,0.6267027895509267,0.00564309157141313,2.938400633923034,-0.5412245484056435,1.317583899242193,45.78656389349442,2800.0,0.0006535993303571352,27.299999999999997,0.09740015705622475,-0.4639051602292731,0.0052564629028798064,3.0832022498308875,-0.4686311101534689,-1.018036604400306,-47.61111573250748,2865.0,-0.022048838350785305,3.8,0.06916244144543951,0.14010787837197053,0.004149180388731627,1.7281497997054995,-0.23324474000269255,0.29822567393624183,103.30486008124919,2700.0,0.03771484374999989,8.65,0.1379817700812157,-0.15264503051368394,0.00220295008471172,1.8305227135469435,-0.4287983317475801,-0.33472307554926245,-49.44340321020338
2018-08-17,2018-09-21,0.0958904109589041,2850.1298828125,0.0195,2830.0,0.007113032795936336,47.0,0.09338792357154596,0.6271123115320922,0.004592420149929448,3.3406949160964046,-0.5386642013875693,1.66883024284706,38.02875614184871,2870.0,-0.006923385779616709,38.8,0.08784317179235339,-0.5686995109020917,0.005069276646509643,3.4686340615093094,-0.34661257339897983,-1.5914619582226905,-41.77493442090072,2910.0,-0.020573923432130603,7.85,0.07508754286860457,0.21127108402314326,0.0043642885844621705,2.552618051985751,-0.3055643004378138,0.5698767410465553,76.70701018452303,2775.0,0.02707383164414412,14.0,0.12290649566495905,-0.22063302363393378,0.0027341183374787253,2.6175598888525475,-0.425249897968916,-0.6164149885585932,-44.91662673751394
2018-09-21,2018-10-19,0.07671232876712329,2929.669921875,0.0204999999999999,2910.0,0.006759423324742331,40.55,0.08281193968118672,0.6457022113260754,0.00553648190545197,3.0187656076333913,-0.5503788014945764,1.4200559372191632,46.65090836100323,2950.0,-0.006891551906779703,35.599999999999994,0.08328110932059564,-0.5871011851421379,0.005762266498394987,3.1596748472863925,-0.3712921429717468,-1.3467713734199154,-48.31496301144041,3000.0,-0.023443359374999972,3.7,0.07046071925957975,0.13024501190141302,0.00370484938113876,1.718779559680147,-0.23748461766127346,0.28987663089234805,103.12834968669222,2825.0,0.03705129977876109,7.800000000000001,0.13016346588558064,-0.1421293643088647,0.0021290470286285043,1.8246388194879508,-0.4002849978851641,-0.3254076565422994,-53.3836050733441
2018-10-19,2018-11-16,0.07671232876712329,2767.780029296875,0.0219,2755.0,0.004638849109573462,56.6,0.15545864284895156,0.566721641143799,0.00330065256358561,3.0153865495093375,-0.927803187321711,1.1598603709692628,27.713089153013673,2785.0,-0.006183113358393166,59.0,0.17125871286021538,-0.5285491059075909,0.0030309536557150247,3.0504245057755703,-0.8415637092249778,-1.1674908075432684,-24.795045082163206,2825.0,-0.02025485688606199,19.9,0.13247225892796147,0.3108030381389667,0.0034779255385342764,2.7075315828681736,-0.6909072538727286,0.64464012025986,43.227862440834805,2700.0,0.025103714554398193,31.25,0.20105850460378863,-0.30739576474568064,0.0022804973275273623,2.694513261595036,-0.9144960667126102,-0.6766440559888874,-27.225723526928892
2018-11-16,2018-12-21,0.0958904109589041,2736.27001953125,0.0220999999999999,2720.0,0.005981624827665399,69.1,0.17055764096948536,0.5712079726144751,0.002716437207545739,3.326319294555215,-0.9009215647102052,1.4324869526362807,22.619091974721094,2760.0,-0.008597819010416674,60.45,0.15041999477145762,-0.5464102043124801,0.003108893747358196,3.3574111828393,-0.6272727531411492,-1.4916480852831848,-24.73326487834886,2805.0,-0.024502666833778997,24.200000000000003,0.14442514746458415,0.31385423558780795,0.0028983563679801524,3.0052989996929513,-0.6705909217001521,0.8002917191014679,35.48718783984869,2675.0,0.02290468019859815,31.35,0.17631734859381548,-0.3152972995428234,0.002378767665910134,3.011203849901116,-0.7043326025744006,-0.8573451829858404,-27.51957091475387
2018-12-21,2019-01-18,0.07671232876712329,2416.6201171875,0.0241,2400.0,0.006925048828124947,78.7,0.2545207453633514,0.563311140149743,0.0023122280282281567,2.636548638270132,-1.2830022015438098,0.9839192586159801,17.297446430276093,2440.0,-0.009581919185450816,81.05000000000001,0.26572544100737183,-0.5274660725976666,0.002237716502147793,2.66391363591672,-1.1745372415614876,-1.040015984130474,-15.727145246460722,2485.0,-0.02751705545774652,35.8,0.23140347286713459,0.35402942904860385,0.0024013201374080864,2.4894412134434236,-1.082814376523104,0.6288528747625804,23.89817431064625,2305.0,0.04842521353036866,34.75,0.3057112786765514,-0.26675254390526837,0.0016060803652331952,2.199685915789621,-1.1559788075170083,-0.5211755558780358,-18.550778817609388
2019-01-18,2019-02-15,0.07671232876712329,2670.7099609375,0.024,2655.0,0.005917122763653415,51.9,0.13872900794425566,0.5873253316099423,0.003794105735321933,2.8800188463004988,-0.8131947539069725,1.1634771829140982,30.223036867852848,2680.0,-0.0034664324860074203,45.349999999999994,0.14606050512808066,-0.5080176879385059,0.0036917326241704715,2.9504051471091244,-0.6773374929635918,-1.0755972929090931,-29.917704393966524,2725.0,-0.019922950114678928,17.95,0.12611906751277033,0.30645125526371375,0.003762589584982494,2.5964873995614086,-0.6373968495026117,0.614076376669161,45.59567700739587,2600.0,0.027196138822115357,20.75,0.17061302634927192,-0.26420851978761317,0.0025914134556653872,2.4191762787574644,-0.6892794472809705,-0.5572186607049455,-34.00599159254209
2019-02-15,2019-03-15,0.07671232876712329,2775.60009765625,0.0243,2775.0,0.000216251407657575,37.65,0.11323204327559269,0.5326823205076556,0.004567627062829723,3.0566023084970975,-0.7139711773739171,1.1053196390406095,39.269936351270225,2770.0,0.002021695904783405,33.95,0.12772527935795358,-0.4492829642567384,0.004030094354694226,3.042082799436381,-0.6085591774032557,-0.9826694658891781,-36.731364936643104,2840.0,-0.022676021952024672,9.95,0.09978294894570015,0.22702620506222815,0.003929612703016928,2.3173148188666075,-0.4541970062259432,0.4757575560585826,63.33004632911835,2710.0,0.024206678101937218,17.75,0.1467243992904196,-0.25631203692877347,0.002854471428261999,2.475181187423979,-0.5999721923467013,-0.5593630688390562,-40.079983913431164
2019-03-15,2019-04-18,0.09315068493150686,2822.47998046875,0.0246,2815.0,0.0026571866674067746,43.7,0.10593453388589034,0.5671474245368198,0.004309611553821011,3.3878445906227443,-0.6327207557135761,1.4504141524344778,36.63071526711808,2850.0,-0.009656147203947363,45.95,0.09984110227442135,-0.5901724132656823,0.004519493413482612,3.348473898231091,-0.3762763053518294,-1.5944601076682254,-36.25135628870057,2930.0,-0.036696252399744056,3.25,0.08655190993036024,0.09419876052948295,0.0022527969075629567,1.4469265648356475,-0.2018681719470968,0.2446361627749044,81.80742378101552,2735.0,0.031985367630255945,13.25,0.13491050553885997,-0.20020718657992465,0.0024104581317255366,2.4131991024910464,-0.4397954885182477,-0.5387190790768654,-42.647605740959406
2019-04-18,2019-05-17,0.07945205479452055,2905.030029296875,0.0243999999999999,2890.0,0.005200702178849381,42.599999999999994,0.09587551556931558,0.6091836775722932,0.004890064175094556,3.1436099635055395,-0.6351021846438326,1.3722139568338603,41.542180204020596,2925.0,-0.006827340411324823,39.5,0.09722341519507031,-0.5657413771905835,0.004942938994606562,3.2222743081865253,-0.42763170627842934,-1.337174657699542,-41.60748548622695,2970.0,-0.0218754110111532,6.550000000000001,0.07928302694362739,0.1862475682814132,0.004128803948934005,2.1948804473228494,-0.33576018462548946,0.4246750295009343,82.60378009780732,2825.0,0.028329213910398332,12.05,0.12904625505876374,-0.20060141862137204,0.0026542012795543663,2.2966015073009087,-0.4712168238439688,-0.47258332069656667,-48.361256847668
2019-05-17,2019-06-21,0.0958904109589041,2859.530029296875,0.0239,2835.0,0.008652567653218757,67.35,0.14325306065077362,0.6056725096603433,0.0030340366050460948,3.407918726077719,-0.8064174835474517,1.5961809732949246,25.71549709415646,2875.0,-0.005380859374999991,53.2,0.1374481198926116,-0.5205913244835408,0.0032734823006561817,3.5278759353137197,-0.5917548979633497,-1.478482969642568,-27.982077474639542,2920.0,-0.02070889407641263,18.95,0.11290302364493525,0.3030957857220508,0.00349392519236175,3.0930267657560773,-0.5543853500684612,0.812921987015623,45.73675399411812,2800.0,0.021260724748883852,29.8,0.16264038939329098,-0.3126307922233019,0.0024586731719541785,3.1354054651524903,-0.6680023873808941,-0.8858136943855205,-29.99923284862671
2019-06-21,2019-07-19,0.07671232876712329,2950.4599609375,0.0216,2935.0,0.00526744836030657,50.65,0.12209422005403282,0.5875568837808726,0.003901768787216845,3.181275295179121,-0.7931903637332219,1.2910017997348708,34.22631905959753,2975.0,-0.008248752626050404,54.2,0.13358983284572398,-0.5637872969912525,0.003607572864701197,3.2183489874768285,-0.6661015258487791,-1.3176353889101469,-30.690624469702367,3010.0,-0.019780743874584727,15.5,0.11084954222747315,0.28047915128475054,0.003719184545881788,2.7531270299808934,-0.5930245305899952,0.6229367167345493,53.38983907974907,2850.0,0.035249109100877085,15.9,0.16424895330006695,-0.2059177748961083,0.002122449898641808,2.3280091114398718,-0.6459143328255307,-0.4782646630722368,-38.21082704882395
2019-07-19,2019-08-16,0.07671232876712329,2976.610107421875,0.0210999999999999,2965.0,0.003915719197934209,44.650000000000006,0.10930983266346828,0.5783540803335769,0.004341205655337752,3.225363453684685,-0.7265161757782392,1.2863772283098365,38.556206073675554,2970.0,0.0022256253945707183,36.0,0.12629585135692142,-0.4493445245858644,0.0038005507799778603,3.2624562433774447,-0.6563752850985567,-1.0536618274138994,-37.15342927054752,3055.0,-0.025659539305441847,5.65,0.08565429119919317,0.1549029123323627,0.003373015122184675,1.9637060808682376,-0.32668479894222563,0.3493752352448343,81.60806625729877,2900.0,0.02641727842133612,18.55,0.15045432521553873,-0.24654785471878315,0.002542979580226389,2.6004985814777752,-0.6551754361319002,-0.5772041484914783,-39.56209337330676
2019-08-16,2019-09-20,0.0958904109589041,2888.679931640625,0.0204999999999999,2860.0,0.010027948126092756,79.9,0.17262568523865493,0.5987686102409535,0.0025039660630338666,3.4586600892868797,-0.9455909089952809,1.581952887218583,21.647695470577922,2900.0,-0.0039034718480603914,63.3,0.16923752625765048,-0.5043553287299425,0.0026351206310976393,3.5683808360002605,-0.7773376401560635,-1.4577462761133382,-23.016131382593855,2950.0,-0.02078646385063554,27.15,0.13905258991131522,0.3370065470725657,0.002935764040280832,3.2664367810361146,-0.7020178120773102,0.9074627870601439,35.85650274242406,2830.0,0.020734958176899188,40.75,0.19302301050390333,-0.3423243706434109,0.00212763808797306,3.2861007125576207,-0.8483052098801739,-0.9873025717261573,-24.26663930802452
2019-09-20,2019-10-18,0.07671232876712329,2992.070068359375,0.0195,2965.0,0.00912987128478071,58.6,0.12447895708220916,0.6271203735553207,0.003669283697869974,3.1367934219722686,-0.7943732312093501,1.3944675827639497,32.02027471936033,3000.0,-0.002643310546875055,47.0,0.13681724562350525,-0.5045577161418218,0.0035183297173966457,3.3058722409515813,-0.7245144979540429,-1.1941593727163156,-32.12068224956777,3055.0,-0.020598995627045813,10.899999999999999,0.09572844293860445,0.23719624152508917,0.003893541080929548,2.559731674235379,-0.4749034366028864,0.536071717498371,65.11080501781615,2930.0,0.021184323672141625,26.25,0.16206119588343681,-0.30055760329836045,0.0025910548742015087,2.8837946791823827,-0.7851091140567295,-0.7100028338159098,-34.258644503945185
2019-10-18,2019-11-15,0.07671232876712329,2986.199951171875,0.0175,2970.0,0.005454529014099263,52.0,0.12505622476099534,0.5843859060051145,0.003770420718294085,3.22550754442821,-0.801478907579032,1.2988111942844964,33.55948392265336,3000.0,-0.004600016276041674,43.95,0.11760533426542343,-0.5334902721338551,0.004086934615387053,3.287968478181651,-0.6120155877381412,-1.2558257942105602,-36.2482053385364,3050.0,-0.020918048796106592,11.15,0.0980988156280126,0.23728747505372016,0.0038077340027131814,2.555249436685132,-0.4810583425932113,0.5350208136925851,63.55047950844684,2915.0,0.024425369184176704,19.65,0.14788215440970442,-0.26029787294589624,0.0026535260877980932,2.6843680776343657,-0.670665237058334,-0.6113600513297052,-39.557328009905596
2019-11-15,2019-12-20,0.0958904109589041,3120.4599609375,0.0159,3100.0,0.006599987399193541,50.5,0.0951652656070255,0.6139769983393528,0.004160074604403333,3.6965109068527164,-0.5838015430706119,1.788730750928392,37.93842851940711,3150.0,-0.009377790178571432,54.0,0.10447134854703762,-0.5901542423886346,0.003850563097358208,3.7560715266625637,-0.4780006914293142,-1.817653258775112,-34.10282748424904,3190.0,-0.021799385286050188,8.75,0.0793438950028918,0.20533401051670652,0.0037094607018324397,2.748126370568362,-0.3390261593689957,0.6060145080893935,73.22703524966995,3000.0,0.04015332031249996,13.850000000000001,0.1463357325611728,-0.17746286193114846,0.0018391867582168092,2.512977651035017,-0.5006143324472434,-0.5442890805344051,-39.98308642715456
2019-12-20,2020-01-17,0.07671232876712329,3221.219970703125,0.0157,3190.0,0.009786824671826011,56.849999999999994,0.10363897900504221,0.6537994512213152,0.0039897969403662375,3.2913938370609572,-0.6972798490253544,1.571975117124607,37.04541511186523,3250.0,-0.008855393629807695,43.900000000000006,0.08349247659147464,-0.6258944362755772,0.005086684747221871,3.3805557219735296,-0.41540949130394517,-1.5803074634662828,-45.92582358514788,3290.0,-0.02090578398081311,6.8,0.07810192252698067,0.18136202913007532,0.00378357156392287,2.352174892826986,-0.352888876778663,0.44294234861684456,85.91279267331001,3150.0,0.022609514508928674,14.95,0.1202213509882951,-0.23445057407602643,0.00286132905247021,2.738138055777633,-0.5546984461899407,-0.5908129424103196,-50.516178686727734
2020-01-17,2020-02-21,0.0958904109589041,3329.6201171875,0.0154,3310.0,0.005927527851208536,49.400000000000006,0.08741275993671992,0.6127240645936581,0.004248525504423802,3.948004290608487,-0.5770012988893147,1.9089272057928648,41.29834760595993,3350.0,-0.006083547108208909,50.8,0.10342270631938891,-0.5510891571363533,0.0037104887807521154,4.079543556226695,-0.5231774117428883,-1.8082223023625708,-36.12042414550046,3400.0,-0.020699965533088283,8.65,0.0745265205078382,0.20303120230577254,0.0036763786283737386,2.912699167791489,-0.33826215595535847,0.6399407437394562,78.15222839413826,3250.0,0.024498497596153745,20.2,0.12765733887493408,-0.25162431580994193,0.002422606556818086,3.287707927332692,-0.5633703802226326,-0.8227525599179798,-41.475910052423316
2020-02-21,2020-03-20,0.07671232876712329,3337.75,0.016,3320.0,0.005346385542168708,65.2,0.1457754183978915,0.5724642650601439,0.0029113539474380896,3.627037790479229,-1.0250664823350868,1.4157587079867233,29.305868458746147,3350.0,-0.0036567164179104328,55.95,0.1402314520886214,-0.5172686540785807,0.00307447613698074,3.684591396918182,-0.8445353336531153,-1.3673692217916897,-30.858149416923975,3410.0,-0.021187683284457526,15.45,0.10940614809844827,0.2575007086697307,0.0031910601536320965,2.9836611196068277,-0.6199105365075123,0.6474696911537599,55.629319374304494,3200.0,0.04304687499999993,20.450000000000003,0.19255840305761285,-0.20047473938115945,0.0015749575163400574,2.5918155729904795,-0.8609785423711719,-0.5289963758450703,-32.720516448381794
2020-03-20,2020-04-17,0.07671232876712329,2304.919921875,0.0004,2290.0,0.006515249727074179,153.35,0.57468707836884,0.547987317458411,0.0010795259776085185,2.5283743744625338,-2.5959019893118707,0.8512896651630344,8.236497456434439,2320.0,-0.006500033674568972,159.1,0.5935091918480664,-0.48296716470140155,0.0010519573230496136,2.5444997980975836,-2.6953628744051104,-0.9760114495038705,-6.9968613421190495,2365.0,-0.02540383853065542,111.85,0.5424409952250316,0.4617804406084022,0.0011467533648200567,2.535124995815662,-2.456679078731387,0.7306979243434139,9.516020894863864,2255.0,0.022137437638581003,132.60000000000002,0.6213208796841162,-0.415484283407779,0.0009831309906713171,2.4894544533992446,-2.7608588233521756,-0.8363623029267331,-7.2221568794801705
2020-04-17,2020-05-15,0.07671232876712329,2874.56005859375,0.0012,2860.0,0.0050909295782342046,112.8,0.33225288276224835,0.5406985537263171,0.0015002704220730397,3.15970287655568,-1.8794183477867996,1.1057855636727631,13.778993574737308,2890.0,-0.005342540278979291,109.80000000000001,0.32049973112936064,-0.5059539280320001,0.0015632558273726723,3.175891569216199,-1.81248671630532,-1.19993037450666,-13.245855737674868,2950.0,-0.025572861493644017,62.4,0.2962821804542579,0.3922217986906406,0.0016291217873002826,3.0596167128237552,-1.62226928221228,0.8170362538189566,18.068351216255724,2800.0,0.026628592354910774,78.55,0.3574502619016849,-0.37604674310594777,0.001333593490780559,3.0216699613782754,-1.92493202411659,-0.8894939874284087,-13.761539756602717
2020-05-15,2020-06-19,0.0958904109589041,2863.699951171875,0.0009,2845.0,0.006572917810852452,99.85,0.25548301447239025,0.5491277749988018,0.00174752421170426,3.5108755674647587,-1.285015674054309,1.4121657914755215,15.748995331300074,2845.0,0.006572917810852452,95.5,0.29704028260033244,-0.452972757555269,0.001504001090416166,3.5131258250747357,-1.4873372677103254,-1.335444718609931,-13.583016373750894,2935.0,-0.02429303196869681,49.7,0.22417467735458285,0.37512121665551473,0.0019076796044807717,3.362963812304292,-1.0795138605484087,0.9824304474630918,21.61437832685738,2750.0,0.04134543678977276,66.35,0.33014028908009857,-0.3269859500677794,0.0012324384083255385,3.1995872371882412,-1.5065455704505821,-0.9615311705068931,-14.112880923047598
2020-06-19,2020-07-17,0.07671232876712329,3097.739990234375,0.0013,3070.0,0.009035827437907207,100.65,0.2521526525162356,0.5655861145690111,0.0018190580579435156,3.3764878634726414,-1.5262216066220604,1.2668187480192765,17.40724020193385,3075.0,0.00739511877540644,99.25,0.3238253075608679,-0.44903271565973246,0.0014241578307715042,3.3948766593890896,-1.9578119122097137,-1.1431952001707955,-14.014978339782388,3160.0,-0.01970253473595729,51.3,0.22685540756680858,0.38831965358639225,0.0019688198518258296,3.2878364607160404,-1.3360007084616372,0.8834293960638248,23.44860270915542,3000.0,0.03257999674479173,74.19999999999999,0.3466709316424843,-0.350878224101692,0.0012464366480532797,3.1808466263252564,-1.9649842262502597,-0.8907294845708691,-14.648645606529586
2020-07-17,2020-08-21,0.0958904109589041,3224.72998046875,0.0011,3210.0,0.004588778962227424,89.5,0.20571176268251468,0.5419619638432284,0.0019313397990745064,3.9616828559480233,-1.1692326341958403,1.5900365686006992,19.52716190991363,3220.0,0.0014689380337733482,83.1,0.21510970909787483,-0.4773023286997623,0.0018542378539750139,3.977290806100238,-1.2173307755746097,-1.5556024525670853,-18.52191491101855,3300.0,-0.02280909682765153,42.15,0.1827261003928406,0.35285675416150275,0.002035936142475445,3.7095961190154174,-0.9716450671799747,1.0506882572177714,26.995676250546435,3150.0,0.023723803323412618,60.15,0.23599705621636108,-0.359863678406924,0.0015873179957037276,3.735359589384886,-1.2556555354138161,-1.1704510066896978,-19.29282114170839
2020-08-21,2020-09-18,0.07671232876712329,3397.159912109375,0.0007,3375.0,0.006565899884259263,73.9,0.16597361213485917,0.5661250114659283,0.0025194247693186675,3.70201000879423,-1.1007537309277478,1.4186542861132623,26.02458997944482,3400.0,-0.0008353199678309275,64.35,0.16781706814677022,-0.4974402302687152,0.0025264832437184082,3.753614773704866,-1.121493976804638,-1.3457137606828196,-26.260823546636068,3480.0,-0.023804622957076194,21.049999999999997,0.13771198112004648,0.2705423754105679,0.0025543364777446563,3.1142034364575824,-0.767549249744572,0.6888964368069951,43.66155401602753,3300.0,0.02944239760890155,36.85,0.2048616433402204,-0.29435025379081803,0.001788181960998284,3.2431684738720943,-1.1844416484781952,-0.7953571706019331,-27.13581710590378
2020-09-18,2020-10-16,0.07671232876712329,3319.469970703125,0.0009,3300.0,0.0058999911221591095,92.55,0.22515911064680014,0.5503788416069719,0.0019117797333119233,3.638564125035698,-1.4672335394699811,1.330510932666175,19.740313746528237,3350.0,-0.009113441581156678,91.5,0.20462048741684621,-0.5525029426121852,0.0021022132144716535,3.636038991993932,-1.3238379907753146,-1.4771088746002454,-20.043901037462334,3425.0,-0.03081168738594886,30.5,0.1908159224284853,0.2862278308304116,0.0019391570342550597,3.127737134445378,-1.0680212220536713,0.7054655150187911,31.151629154664363,3210.0,0.03410279461156551,44.0,0.24460006441256218,-0.2980958239966932,0.0015416364577074575,3.187433953850935,-1.3896775770832885,-0.792837364491715,-22.489094153530242
2020-10-16,2020-11-20,0.0958904109589041,3483.81005859375,0.0009,3450.0,0.009800016983695592,112.05,0.21956070652074938,0.570914322623117,0.0016575967464528257,4.235626166769171,-1.33316666677305,1.7997738930678988,17.75062081803658,3460.0,0.006881519824783133,98.45,0.2567409934251517,-0.4494316710655397,0.001428778972620361,4.269179199325277,-1.5617155436722578,-1.5957934301027379,-15.903855394726566,3575.0,-0.025507675917832207,46.0,0.1920358560564381,0.34335437172315725,0.0017752601852201982,3.96760524887079,-1.0912967358472632,1.1029136845360132,26.003943780939842,3400.0,0.024650017233455834,78.30000000000001,0.2717702159930717,-0.36977181519070745,0.0012875534360653584,4.072407598394253,-1.5777149295673092,-1.310356627953643,-16.452295901027135
2020-11-20,2020-12-18,0.07671232876712329,3557.5400390625,0.0009,3525.0,0.009231216755319238,87.6,0.1788940600031612,0.5837984133207113,0.0022131314814422924,3.8438629661054904,-1.2328412538031461,1.5260277929761223,23.708746919287503,3570.0,-0.0034901851365546355,86.9,0.2048352807040892,-0.512781248750823,0.001975604301688555,3.9288865164436246,-1.4323850512401415,-1.4660798643121862,-20.992403177248182,3630.0,-0.01996142174586779,33.85,0.16002001663276205,0.3331529500278394,0.002305547362500951,3.5818972179537654,-1.0263661938503352,0.8832312013233973,35.01344045146391,3435.0,0.03567395605895207,43.85,0.23970892477972963,-0.2869913731843261,0.0014421521279201562,3.3562943291815555,-1.4340417138064732,-0.8168584226609726,-23.283541641249094
2020-12-18,2021-01-15,0.07671232876712329,3709.409912109375,0.0008,3690.0,0.005260138783028445,87.19999999999999,0.1883440661842811,0.5508583657729594,0.002044901524843555,4.065361445508985,-1.3715851606161462,1.50061549317068,23.43302158510653,3730.0,-0.0055201308017761574,73.35,0.1524303847149244,-0.5432204270909267,0.002532459006037413,4.0746357649785425,-1.1045268370181818,-1.602042811679887,-27.471400658263526,3830.0,-0.03148566263462793,18.3,0.14482828076170945,0.21888665976574706,0.0019841399909647614,3.0331962399355508,-0.7861905511219457,0.6088199909638378,44.36832488325499,3625.0,0.023285492995689605,42.150000000000006,0.19055162020610097,-0.3214321854737404,0.0018300796031647708,3.680929076800545,-1.2498068031572147,-0.9469935500320265,-28.287633095684168
2021-01-15,2021-02-19,0.0958904109589041,3768.25,0.0008,3735.0,0.008902275769745671,101.65,0.18087854818473564,0.574408570735044,0.0018571744958161657,4.5739811448325165,-1.186428589446405,1.9780898192642258,21.293803331083073,3775.0,-0.0017880794701986558,97.0,0.20121468426665462,-0.49853886597064523,0.0016991048661527956,4.6551582664825615,-1.3337930199888501,-1.894429255875491,-19.36720714089758,3850.0,-0.02123376623376627,37.95,0.1517749601837986,0.33304269446142293,0.002052326672881006,4.241321681324689,-0.9222766655685554,1.167022867657714,33.069516040634994,3670.0,0.02677111716621261,63.9,0.23068786148799672,-0.3421422052550994,0.0013644395213353758,4.28581705732674,-1.4094426627812615,-1.2975673353759962,-20.176484874267402
2021-02-19,2021-03-19,0.07671232876712329,3906.7099609375,0.0003,3910.0,-0.0008414422154731094,65.95,0.1564048756845058,0.5011005516828084,0.0023572973748778093,4.316702974424431,-1.207185882918822,1.4511705879176828,29.683919755122407,3915.0,-0.002117506784802048,78.35,0.17167469686749598,-0.5081068509114408,0.002147189341776126,4.315828102000561,-1.3213727907689101,-1.5828638542950635,-25.335368131625156,4000.0,-0.023322509765625,23.15,0.13341960349042187,0.26778920617613133,0.002280900430438485,3.562980778178515,-0.8497184898902758,0.7847861166369177,45.191134282428,3810.0,0.025383191847112796,47.900000000000006,0.20634929760074364,-0.32004735575982457,0.0016017360583427819,3.8697370364689117,-1.4248571015825755,-0.9959041478349938,-26.10296853554892
2021-03-19,2021-04-16,0.07671232876712329,3913.10009765625,0.0001,3925.0,-0.0030318222531847683,57.599999999999994,0.14632207228144567,0.4782798658731221,0.0025119002032884617,4.317370362259596,-1.1285801498971864,1.391528650522507,32.492309418328915,3875.0,0.00983228326612906,58.7,0.17723907637815334,-0.4113730613342449,0.002025349928631187,4.216641014936257,-1.3341028186810158,-1.2799022208615127,-27.423236226237364,4000.0,-0.021724975585937445,24.4,0.13207531038415596,0.2803053471165118,0.002352872629803989,3.650288072333701,-0.8612097721344971,0.8227112513122407,44.95339676891062,3825.0,0.023032705269607767,45.5,0.19220067993361123,-0.32472582734480193,0.0017271922857333925,3.8994440279263825,-1.3379890327656632,-1.0096759086955298,-27.927135533012944
2021-04-16,2021-05-21,0.0958904109589041,4185.47021484375,0.0002,4175.0,0.0025078358907184573,67.44999999999999,0.12012895655578493,0.5344444403632839,0.0025527468997161244,5.151327406309247,-0.8852224349983838,2.0802957543021265,33.163844130902184,4200.0,-0.0034594726562500178,77.25,0.13474676217220222,-0.5246113147815298,0.0022799871850664633,5.160769183839271,-0.9921787201848172,-2.1795842776212178,-28.42388391871376,4290.0,-0.024365917285839145,18.6,0.10697724568741505,0.2334590381802974,0.0022083068930331545,3.9683916888029303,-0.606993243233623,0.9191439664225604,52.53418554385388,4000.0,0.04636755371093759,26.25,0.17858418071516602,-0.19832994633759904,0.0012034567309078474,3.6102490075854146,-0.920578423739372,-0.8211614495552162,-31.62301268980929
2021-05-21,2021-06-18,0.07671232876712329,4155.85986328125,0.0,4125.0,0.007481178977272629,91.0,0.16297943392065486,0.5744380823237787,0.002089462848370554,4.511847527000008,-1.3131042069406567,1.7615330613967064,26.23389170742143,4120.0,0.008703850310983086,58.65,0.16453904650188553,-0.41568319166277,0.00205920949907706,4.489070906603443,-1.3189775833069382,-1.3702134404935533,-29.454750077953005,4245.0,-0.020998854350706697,24.65,0.1266555851143747,0.27845506195107633,0.0023028122987164773,3.8642911640723026,-0.873989390067653,0.8688209873782173,46.946053373875266,4065.0,0.022351749884686356,45.599999999999994,0.18335024555420737,-0.3225101502987229,0.0016999986781048111,4.129686040906411,-1.3521052672535234,-1.063161525902912,-29.392697132450703
2021-06-17,2021-07-16,0.07945205479452055,4221.85986328125,0.0005,4230.0,-0.0019243822030141633,53.15,0.12005508501157873,0.4845139705748822,0.0027902669860497497,4.743938835164582,-0.9846844533666659,1.5830028072526363,38.48636055118477,4220.0,0.0004407258960308358,58.75,0.12590956522644217,-0.48752312573010936,0.0026612305244524785,4.745194093546369,-1.0272126237990369,-1.6820034300631619,-35.03411590954847,4325.0,-0.023847430455202323,11.8,0.0959519418177962,0.1901289984626232,0.0023775260264584353,3.2306641217316048,-0.5355463457646835,0.6283847022838728,68.02525260965704,4100.0,0.029721917873475556,31.4,0.16594035337652768,-0.25771280494954263,0.0016350852394687576,3.8424229651437156,-1.0977993390147112,-0.8894080295008596,-34.65055246155463
2021-07-16,2021-08-20,0.0958904109589041,4327.16015625,0.0005,4290.0,0.008662041083915994,94.69999999999999,0.1400405989660961,0.5877163034183666,0.002074412092124912,5.215910298597177,-1.0468386057324566,2.3478216437415664,26.85472620201132,4310.0,0.0039814747679813856,72.0,0.15069081877350712,-0.45639767061858894,0.0019639409676043213,5.3136915542212,-1.1410882065961878,-1.9627863981308784,-27.429247635581696,4425.0,-0.02211069915254238,20.7,0.10475082462797998,0.25092054830626986,0.002268400763706918,4.266368403740402,-0.6398955881676086,1.0213032587602549,52.452819703590514,4240.0,0.020556640624999956,53.55,0.17125699282660684,-0.34049280952482697,0.0015976046000993973,4.9124566971414945,-1.199754849192681,-1.464166908501084,-27.513854694050842
2021-08-20,2021-09-17,0.07671232876712329,4441.669921875,0.0004,4410.0,0.00718138818027203,80.8,0.13013706377636858,0.58605190038706,0.0024337007005720305,4.793203858567699,-1.116645316164714,1.9348760208491182,32.215954190678694,4435.0,0.001503928269447563,63.849999999999994,0.13703371854022034,-0.47632447641189,0.002362316506643239,4.899178429608991,-1.1964554746773008,-1.6719652275859196,-33.135099287619326,4555.0,-0.0248803684138309,10.350000000000001,0.09386055299409404,0.16979062448423354,0.002189814328973596,3.11062838897862,-0.5221817360523886,0.570589300845636,72.86511376702978,4350.0,0.021073545258620596,42.599999999999994,0.16532585991487928,-0.3159686816939653,0.001748910401637242,4.375886817561705,-1.2902854022123675,-1.1092822058094396,-32.944333106826235
2021-09-17,2021-10-15,0.07671232876712329,4432.990234375,0.0006,4390.0,0.009792764094533002,97.4,0.15141927094212632,0.600419621340351,0.0020775057626832437,4.742224434982326,-1.2864726529148476,1.9670992027947343,27.3270463852901,4410.0,0.005213205073696159,71.5,0.16904691780099598,-0.44612891322622683,0.0019045380080196853,4.853506514803305,-1.4617570423340136,-1.571977622921156,-27.659931690851725,4525.0,-0.020333649861878467,20.75,0.11086183344884704,0.2571389157933507,0.0023693779375570123,3.959816974393363,-0.7857549926626812,0.8585216566558976,54.93466475281947,4325.0,0.024968840317919128,50.3,0.19581618609654655,-0.31465673020055906,0.0014768566872746238,4.3595900976685416,-1.522049923929407,-1.1086237243809076,-27.731018145436515
2021-10-15,2021-11-19,0.0958904109589041,4471.3701171875,0.0004,4470.0,0.00030651391219249646,68.0,0.12173128186507988,0.5111670699464347,0.0023659713080043717,5.521640010492706,-0.9626535746317175,2.1264822092649385,33.61201690307202,4430.0,0.009338626904627612,57.95,0.1399540776898479,-0.40631452157516634,0.002001684721359637,5.370783558923219,-1.0717498691680691,-1.7976888040621617,-31.35086471010128,4625.0,-0.03321727195945945,9.7,0.09947980413277777,0.14007714044112823,0.001616512762321449,3.0829783801277735,-0.4388101740055668,0.5912955039966071,64.57079800882647,4300.0,0.03985351562499995,32.75,0.1751100709528428,-0.22707350126902903,0.0012433896138170407,4.174214662857742,-1.0430614563782503,-1.0050079008013098,-31.002432610974303
2021-11-19,2021-12-17,0.07671232876712329,4697.9599609375,0.0011,4680.0,0.0038375984909189143,77.3,0.1307326486042206,0.5502198230655346,0.0023266165378921892,5.149827236939428,-1.2097903160327268,1.9236465632183228,33.43998316486706,4700.0,-0.00043405086436165696,69.7,0.1326658354309986,-0.49646802568709736,0.002310958008738842,5.19080769241528,-1.2224801894722255,-1.842696805218668,-33.46322666511027,4825.0,-0.026329541774611442,12.65,0.10241280852186341,0.177869949675934,0.0019544031113802986,3.3888489426919586,-0.6222329475576971,0.6313239794906953,66.05738356790371,4590.0,0.023520688657407307,40.7,0.16370869614993017,-0.29554370583537937,0.0016211269614066044,4.493373993963326,-1.3092722469848597,-1.096336161008606,-34.11431289854075
2021-12-17,2022-01-21,0.0958904109589041,4620.64013671875,0.0003,4575.0,0.009975986168032858,132.35,0.19003643677072563,0.578710773719831,0.0014385304086094288,5.596743426029329,-1.5214964365232129,2.4372122727532184,20.20411184210927,4650.0,-0.006313949092741966,108.5,0.1627037706953356,-0.5398093636420745,0.001705113370790066,5.679764779073747,-1.3180309501332306,-2.4958018743287007,-22.98861578165519,4725.0,-0.02208674355158735,43.849999999999994,0.1491978231540994,0.3228677688993272,0.0016813979107420244,5.13585155467183,-1.0958442445869685,1.3884986854061818,34.02179646624767,4500.0,0.026808919270833398,63.5,0.20211527086048375,-0.32475029075535,0.001244152757635398,5.148163211748774,-1.4851750502293495,-1.4997780267285585,-23.63077524257134
2022-01-21,2022-02-18,0.07671232876712329,4397.93994140625,0.0005,4355.0,0.009859917659299722,141.0,0.2444764480282172,0.5711582541654168,0.0013182820988666935,4.781995217050981,-2.0908999872626106,1.818787714514391,17.815033378266772,4425.0,-0.006115267478813524,134.25,0.24690575026322192,-0.5219086332634837,0.0013244679082210307,4.852174373513115,-2.1360106646568853,-1.8637818923788703,-17.09737671508367,4500.0,-0.022680013020833334,61.95,0.21390735146185347,0.360564981739475,0.0014365977466181674,4.559577971787785,-1.7437431873716602,1.1689371991947066,25.597145030934545,4300.0,0.02277673055959295,87.44999999999999,0.27203623810471544,-0.3680258520958083,0.001137437580355205,4.591114130525999,-2.227929821709492,-1.3087166203788463,-18.50835441999265
2022-02-18,2022-03-18,0.07671232876712329,4348.8701171875,0.0003,4325.0,0.005519102239884388,131.35,0.24833855485064876,0.5456764848657876,0.0013249449415362949,4.773753858009612,-2.1188195402060024,1.7196803409088688,18.066815064220467,4350.0,-0.00025974317528731916,116.55000000000001,0.24148888991303982,-0.4880723140784866,0.0013709124569510536,4.803136392448665,-2.069416910769179,-1.7176758043513722,-18.21160956525928,4450.0,-0.022725816362359597,61.95,0.21564779134100232,0.36143353706934134,0.001442271830159934,4.512426874239386,-1.738910439886758,1.1582621984626977,25.37251830043328,4250.0,0.023263556985294143,82.9,0.26584953345518464,-0.3633750172591379,0.0011720546033432817,4.520659417185378,-2.144731576354441,-1.2758570167217254,-19.062373376796486
2022-03-18,2022-04-14,0.07397260273972603,4463.1201171875,0.0019,4425.0,0.008614715748587631,118.35,0.2027789400368469,0.5736426598099629,0.0015930468320031193,4.7599176823761145,-1.8001390810364266,1.8063267012623034,21.63275131688903,4480.0,-0.0037678309849330516,100.55,0.190060451323116,-0.5177318811086424,0.0017274879038243745,4.837876989322988,-1.6902058529232011,-1.7836640678727358,-22.980602574056785,4560.0,-0.021245588336074595,44.9,0.17252543127306944,0.3331634134356244,0.0017358371668702757,4.412758447582268,-1.4173455423599024,1.0667206845620867,33.11688938595528,4250.0,0.0501459099264705,40.45,0.249135998149789,-0.22421024837194992,0.0009897324379619058,3.6333090338453733,-1.670854642155246,-0.770148939442111,-24.7386222505662
2022-04-14,2022-05-20,0.09863013698630137,4392.58984375,0.0037,4350.0,0.009790768678160866,130.6,0.19555550873329686,0.5774185609300686,0.0014508837232491522,5.3995007456188855,-1.4909179012124385,2.3728072510322455,19.420849349350842,4425.0,-0.00732432909604519,122.6,0.19285871618490003,-0.5338943321795403,0.0014940808840256106,5.483581759759971,-1.4438126852870707,-2.433973631831403,-19.128701641646927,4510.0,-0.026033294068736113,43.349999999999994,0.16068800376045883,0.31198180507184836,0.0015959264036107428,4.88030829665944,-1.1026287558825172,1.3088792310272368,31.612644406661595,4230.0,0.03843731530732852,59.9,0.23195382909689402,-0.28801417887399894,0.001066304422664335,4.7068862099237,-1.5029297070430077,-1.3068770870545807,-21.120670142833895
2022-05-20,2022-06-17,0.07671232876712329,3901.360107421875,0.0063,3895.0,0.0016328902238447185,116.35,0.2605632602390108,0.5260676613286825,0.0014139036542530924,4.301602155988621,-2.034915472682688,1.4851732291073214,17.63970255081838,3935.0,-0.008548892650095286,132.65,0.26827405914316477,-0.5286559337731755,0.0013726520314410616,4.299682449415561,-2.0219209031515732,-1.6839331719410218,-15.548263631417438,3990.0,-0.022215511924342124,68.85,0.244725323013184,0.3857451110090442,0.001446327807049576,4.132785746843435,-1.8308537994615766,1.1016508617412923,21.858105818602425,3800.0,0.026673712479440725,78.7,0.2904220136231463,-0.35439300419597186,0.0011856090042034046,4.020390756436372,-2.059795127122871,-1.1210085593117252,-17.56816678145619
2022-06-17,2022-07-15,0.07671232876712329,3674.840087890625,0.0115,3650.0,0.006805503531678081,126.9,0.2777285213344365,0.5549202532640048,0.001397903087266333,4.0219771924606365,-2.0549265132673327,1.4670029968167575,16.06968630661295,3700.0,-0.006799976245776995,121.4,0.2704187433718187,-0.5166998571345068,0.001448176580470032,4.056956655872367,-1.895416485745714,-1.5497342946670216,-15.64076893250049,3750.0,-0.020042643229166712,75.5,0.2625691049762051,0.40908222237634295,0.0014538435174321466,3.9546071355745123,-1.8991959498733462,1.095307643859116,19.911413907355108,3600.0,0.020788913302951295,80.3,0.28665311404711635,-0.3782926320004467,0.001303223270892916,3.8700586609792316,-1.9346780807627741,-1.1280278907633368,-17.312141083391445
2022-07-15,2022-08-19,0.0958904109589041,3863.159912109375,0.0197999999999999,3825.0,0.009976447610294148,128.15,0.21896875547297773,0.5825051853507801,0.001490305386463956,4.670011742459303,-1.5759580339356762,2.0349485975875736,17.55997405654338,3900.0,-0.009446176382211569,121.6,0.22179039525719144,-0.5303732304288755,0.0014992564805805296,4.758600227805031,-1.3899880867411043,-2.0813172898249173,-16.84964311098581,3950.0,-0.021984832377373364,60.65,0.19728876840186182,0.3812306817395704,0.0016148787015214231,4.559348819507964,-1.3616137411499603,1.354073370953625,24.28285382146628,3760.0,0.02743614683759965,69.1,0.24665885316010763,-0.33818903496752384,0.0012392221311705,4.374278400138053,-1.466743149146985,-1.3190477065200374,-18.907066921279416
2022-08-19,2022-09-16,0.07671232876712329,4228.47998046875,0.0223,4200.0,0.006780947730654852,101.45,0.17711627259109744,0.5781498568517411,0.001886225249297501,4.582323462778931,-1.59245559472319,1.7975578814092303,24.097536672335785,4270.0,-0.009723657969847754,102.15,0.1789326998867261,-0.5548269445429284,0.0018857153992608636,4.628066462188397,-1.3291957280515128,-1.8780901261374805,-22.966956461856746,4320.0,-0.021185189706307894,40.15,0.15856031686514216,0.33481002568192886,0.001961406997329513,4.265755405732509,-1.2918633297393318,1.055245198472777,35.26120775118525,4130.0,0.023845031590496335,49.45,0.2012346584363191,-0.31512996489250455,0.001507563362013182,4.161137623802451,-1.4108621031290896,-1.060141943500283,-26.946830095888178
2022-09-16,2022-10-21,0.0958904109589041,3873.330078125,0.0268,3850.0,0.0060597605519481235,133.95,0.24477118142526727,0.5602131892682343,0.001343361892211173,4.730396067250283,-1.8035805753049408,1.9522718045367224,16.19925790393256,3910.0,-0.009378496643222545,128.5,0.23892222522222253,-0.5221828091704808,0.001389982541621462,4.777603376841897,-1.4727366906088157,-2.0626855708600713,-15.739971836890824,3975.0,-0.025577338836477947,69.5,0.22559111804129192,0.3823988110541094,0.0014098682922416604,4.575565077614568,-1.5782316204973936,1.3536435227316128,21.31160883278745,3780.0,0.024690496858465583,76.69999999999999,0.25704015632662447,-0.3525235410403823,0.0012045513201147976,4.4542078725969665,-1.5296974873657458,-1.3828740061116318,-17.802347215711617
2022-10-21,2022-11-18,0.07671232876712329,3752.75,0.0355,3755.0,-0.0005992010652463575,116.65,0.271958846521523,0.5262549591858062,0.0014082598645237445,4.137618325469138,-2.1901304876338057,1.4255093793525182,16.930161149460005,3730.0,0.006099195710455696,101.9,0.28496799074488477,-0.439984474559593,0.0013316191486553107,4.099591142134712,-1.915662441084695,-1.344806811862353,-16.20364805780298,3840.0,-0.022721354166666652,76.5,0.2643033964306186,0.40510278408534706,0.0014109143585735856,4.02872692838322,-2.041859130830556,1.1075338422807421,19.872542129583888,3625.0,0.03524137931034477,64.1,0.29644667292558363,-0.3099313453808764,0.0011448534241035137,3.666577778779802,-1.8216155198065704,-0.9414097528235132,-18.1450055650596
2022-11-18,2022-12-16,0.07671232876712329,3965.340087890625,0.0393,3980.0,-0.003683395002355483,89.0,0.2061278802353758,0.506668170808687,0.0017619745563493725,4.380890698837085,-1.8192831294516882,1.47296233077332,22.574287942120517,3965.0,8.577248187258135e-05,92.2,0.22454395617608194,-0.4677405710856869,0.0016123996738969856,4.367170219358169,-1.5414795859489785,-1.4935510205804459,-20.11659904074964,4080.0,-0.028102919634650725,45.099999999999994,0.19574960702604816,0.32886404562721855,0.0016821751018260822,3.971898552518813,-1.5239420738528031,0.9657758340290412,28.9148067658184,3885.0,0.02067955930260612,61.55,0.2331888529977004,-0.3460927401516243,0.0014403095700970937,4.0512559382521935,-1.5325855637841561,-1.0999975791606154,-22.296920195743336
2022-12-16,2023-01-20,0.0958904109589041,3852.360107421875,0.0394,3850.0,0.0006130149147727249,101.69999999999999,0.19591093805005413,0.5409039604501186,0.0016980328759036763,4.734059502615764,-1.5388878726951953,1.9006024485331168,20.489251122758372,3830.0,0.005838148151925626,85.80000000000001,0.21784369302201012,-0.4301356039445644,0.0015115483483481313,4.685931844897683,-1.2701557877904566,-1.6712137930029578,-19.312788393778447,3930.0,-0.019755697857029242,61.7,0.18683869532870306,0.40104331964443557,0.0017345494110999257,4.611927118716472,-1.3910917970557077,1.422307260494227,25.03992359625761,3775.0,0.020492743687913872,65.6,0.22357204897153643,-0.3511574308998032,0.0013904594272207838,4.423894502456673,-1.25983380762175,-1.3600950889965657,-20.62172060973798
2023-01-20,2023-02-17,0.07671232876712329,3972.610107421875,0.0469,4010.0,-0.009324162737686992,62.900000000000006,0.16771526326007155,0.45977917260735635,0.002150870522224374,4.367208324926361,-1.534555479227306,1.3529165718623721,29.038527653437644,3980.0,-0.0018567569291770836,80.44999999999999,0.191226054985579,-0.47634790576174246,0.001892737193486115,4.381819011424967,-1.2427914956720292,-1.5133766059623652,-23.521995347626532,4075.0,-0.025126354006901885,35.85,0.16067996417353672,0.3196378401204315,0.002021783186782962,3.932904131664411,-1.2870159878879337,0.9465891070730358,35.41970771202137,3845.0,0.03318858450503903,36.65,0.2094589966721124,-0.25661535311173655,0.0013979047440439553,3.544815622191278,-1.1901818928112073,-0.8101456677776001,-27.815354580263403
2023-02-17,2023-03-17,0.07671232876712329,4079.090087890625,0.0464,4080.0,-0.00022301767386645466,83.25,0.16950325165594707,0.5376602021937666,0.0020739357536891817,4.487093232391492,-1.6263922793284957,1.6185644725237653,26.34431721675874,4070.0,0.0022334368281633488,72.25,0.18581153219572955,-0.44502330477816265,0.0018823113392955788,4.464325825908734,-1.241341158081504,-1.4479760065455347,-25.125123206681813,4180.0,-0.024141127298893506,34.95,0.1530206145000144,0.3186707959205062,0.0020649348258132186,4.033184145456965,-1.2628749289838732,0.9703625420412584,37.1927580307015,3975.0,0.02618618563286157,43.15,0.20311235508682873,-0.2908536527241272,0.0014937482989510976,3.8726257274834484,-1.2482970483285825,-0.9432304398168163,-27.49520858565252
2023-03-17,2023-04-21,0.0958904109589041,3916.639892578125,0.0431,3900.0,0.004266639122596061,124.4,0.22262196880679508,0.5620542531068137,0.001459634590253669,4.779854006262451,-1.7653960592789257,1.9916094200934347,17.695852972434047,3940.0,-0.00592896127458753,109.1,0.21790016661737044,-0.49726416455222144,0.0015095276007800593,4.838392392074489,-1.263263388843863,-1.9721825545538838,-17.851555124058084,4000.0,-0.020840026855468707,68.75,0.20208453637993185,0.4054705950655272,0.0015817945223063179,4.702032381173015,-1.5368461372356241,1.4568939938765775,23.099379023620237,3825.0,0.023958141850490167,69.6,0.24198474715380483,-0.3414252492965476,0.0012504646628356383,4.451043941360845,-1.3725697683390687,-1.3490244186001268,-19.213215072803536
2023-04-21,2023-05-19,0.07671232876712329,4133.52001953125,0.0336,4135.0,-0.0003579154700725784,69.2,0.1414172820257801,0.530390390828889,0.002456927844960694,4.554074657269937,-1.3454932271363758,1.6287402830769324,31.68178127999087,4145.0,-0.0027695972180338257,64.7,0.14076492928988968,-0.4942278984131243,0.002475241114692395,4.566855121449007,-0.9539370850914135,-1.6167897410230436,-31.574975410084605,4310.0,-0.04094663119924591,5.85,0.10924983962718426,0.10002983555652162,0.001403440997876526,2.0096490627354004,-0.4295842904344683,0.31269888143658486,70.6795403623943,4025.0,0.026961495535714253,31.6,0.17075283979801129,-0.2608627576129158,0.0016620906435866724,3.7198711549605035,-1.0320775275611263,-0.8514158922318993,-34.122830090935025
2023-05-19,2023-06-16,0.07671232876712329,4191.97998046875,0.0562,4155.0,0.00890011563628157,93.0,0.13416683278301347,0.6454425011354383,0.002388880118797194,4.320590342298773,-1.4374241720929872,2.004249238371623,29.09335517102743,4195.0,-0.0007199093042312699,59.55,0.1444732362332175,-0.4563034620704486,0.0023640425322228264,4.604115964670395,-0.8841161404407838,-1.513047106424512,-32.12115832116621,4300.0,-0.025120934774709336,18.450000000000003,0.10947666973799101,0.24770826119636719,0.002487822911488506,3.671509088802623,-0.8748007123763695,0.782418247116457,56.28119692704247,4020.0,0.0427810896688432,22.299999999999997,0.18924326145335338,-0.18202170535751638,0.0012026272234067208,3.0679976419355404,-0.9158624171899219,-0.6024459632092786,-34.21665219284687
2023-06-16,2023-07-21,0.0958904109589041,4409.58984375,0.0518,4370.0,0.00905946081235709,101.2,0.12222630875767646,0.6511554219942107,0.002216638593825726,5.051625627601511,-1.2751899041613413,2.656287444261829,28.372809415815876,4425.0,-0.003482521186440657,57.55,0.11161081050393472,-0.47605385032895997,0.0026129717788065305,5.4376663009399495,-0.5609217988532792,-2.068118570468583,-36.47614636817795,4500.0,-0.02009114583333338,30.4,0.1060791008819897,0.3262763245601602,0.002488739003194634,4.922443672566019,-0.9458240581691505,1.3504675848490602,47.32713052625155,4310.0,0.023106692285382868,25.35,0.12988274041908873,-0.23836118847236853,0.0017463042970164264,4.229051141720987,-0.6319229004736999,-1.0321884298031665,-41.462526071480426
2023-07-21,2023-08-18,0.07671232876712329,4536.33984375,0.0542999999999999,4500.0,0.008075520833333405,85.5,0.10746257709733702,0.6646043810761346,0.0026994850249238565,4.579462490151874,-1.3145813623461522,2.2471889687066016,35.26165303179556,4555.0,-0.004096631448957222,57.0,0.1139987531892213,-0.4929386372292366,0.0027848625149529778,5.011643764843484,-0.6790729008763373,-1.759118933056571,-39.230476849104534,4675.0,-0.029659926470588238,10.75,0.09628608000066567,0.168659885439514,0.002081155535294989,3.1633291012962492,-0.6561232631505712,0.5786783466710453,71.17196349718289,4350.0,0.04283674568965523,12.1,0.14889424931028464,-0.127407325169276,0.0011151068820157346,2.621022521939718,-0.609102287542007,-0.45265101110533723,-47.7655324588417
2023-08-18,2023-09-15,0.07671232876712329,4369.7099609375,0.0553,4355.0,0.003377717781285927,88.1,0.14613757466879249,0.5825245180586803,0.0022071717334288528,4.724636614557004,-1.6052483116151663,1.8851005285873226,28.89288523327266,4380.0,-0.002349323986872154,68.0,0.14937681043675552,-0.4735412101481029,0.0022018368204990138,4.817688344960581,-0.9612847694707373,-1.639524843986713,-30.42996673772572,4500.0,-0.028953342013888883,19.5,0.12114524583431117,0.2319531403950365,0.002080794156599658,3.692375710388195,-0.9493826798675878,0.7625726724975754,51.97784354936057,4280.0,0.020960271247079332,37.55,0.1681934539071624,-0.28786020874485063,0.001675730963559191,4.128419053553056,-1.0436875531194159,-0.9937434904733651,-33.49841868202132
2023-09-15,2023-10-20,0.0958904109589041,4450.31982421875,0.0550999999999999,4450.0,7.187061095503822e-05,76.65,0.11684646341901338,0.5659614534020168,0.002443569262750093,5.422478658106171,-1.2737898424992085,2.341700867374436,32.85987581207587,4475.0,-0.005515123079608886,62.75,0.11312647554761766,-0.4958233365864503,0.002558840373075298,5.497497960059032,-0.545872100258159,-2.1760625986477793,-35.16450068017028,4550.0,-0.02190773094093401,26.9,0.1026705566271313,0.303399222985721,0.002469852278620692,4.815867406573618,-0.9061214586112148,1.2689404151767514,50.19418336797395,4275.0,0.041010485197368496,17.700000000000003,0.1505542190311027,-0.15896015487699677,0.0011677170891501183,3.3387829884050166,-0.6086330973320153,-0.6953239310457167,-39.96743193639882
2023-10-20,2023-11-17,0.07671232876712329,4224.16015625,0.0556,4240.0,-0.0037358122051887044,81.4,0.17208556259415628,0.5138770431219951,0.001980294692080611,4.664661973820919,-1.7516906517331694,1.6027498641549847,26.667062799492836,4200.0,0.005752418154761907,73.35,0.19996799205168367,-0.4175102114471121,0.0016686214402437123,4.567349269989544,-1.3511102130066865,-1.4091901370034885,-24.044035446794673,4320.0,-0.02218514901620372,42.25,0.1585499631489969,0.3476013276100575,0.0019917577624798204,4.322635167136661,-1.4410778424931168,1.0939743285977486,34.75322315672997,4130.0,0.022799069309927367,52.15,0.2129459560856599,-0.31418438478088184,0.0014242774576101317,4.151546591998598,-1.3685603691255754,-1.0581047801886907,-25.44899636390986
2023-11-17,2023-12-15,0.07671232876712329,4514.02001953125,0.0552,4475.0,0.008719557437150804,87.0,0.1071180221143088,0.6737125887999408,0.00269179742541232,4.50709847456072,-1.3088925546001953,2.266198881401691,34.955771417755024,4530.0,-0.003527589507450357,56.900000000000006,0.11726765620376546,-0.4849183226704653,0.002719100574060149,4.984202115945006,-0.7040809794442339,-1.7228292725901126,-38.469789605763445,4625.0,-0.02399567145270265,16.7,0.0983954406970952,0.23507927391890066,0.0024984709409598036,3.8427435863494663,-0.8331492218521309,0.8012238729384183,63.54206880056833,4400.0,0.02591364080255687,20.1,0.13506708625344915,-0.20731381053897135,0.0016937708380784266,3.5759901257865647,-0.7179311070869462,-0.7333074890616526,-46.55814383573124
2023-12-15,2024-01-19,0.0958904109589041,4719.18994140625,0.0554,4700.0,0.0040829662566488345,83.94999999999999,0.10222419011444327,0.6226197380055564,0.0025433926054791375,5.552354385415977,-1.2440652546604647,2.7370103608736414,35.00012870418324,4740.0,-0.004390307720200437,57.05,0.10155542371635293,-0.48215901882230805,0.0026854515679652444,5.8241230453641215,-0.49093779966699974,-2.2365958834045983,-39.8843112276378,4820.0,-0.02091494991571574,25.35,0.0935717969530573,0.2974870588126672,0.002532998329385855,5.061625017492453,-0.88584477928181,1.3218952807576543,55.38058917740624,4595.0,0.027027190730413597,19.0,0.1209642977912894,-0.19146662751409305,0.00154238018963215,3.9843615651296886,-0.5484941056287089,-0.884653654624724,-47.55617803429891
2024-01-19,2024-02-16,0.07671232876712329,4839.81005859375,0.0554,4815.0,0.0051526601440810005,83.6,0.10936682382257,0.6274519008644697,0.00258113997027353,5.0724638239261655,-1.4388727649137851,2.2654286188991617,36.324737084507674,4875.0,-0.007218449519230785,66.85,0.11074409478456909,-0.532795739873531,0.002678291248160548,5.329668317154787,-0.6524477246248883,-2.029409453929305,-38.57337593190394,4960.0,-0.02423184302545367,18.2,0.09972660875191756,0.2356330007058524,0.0023021700105855716,4.125439719939278,-0.9050029473194262,0.8608803034194399,62.660382815687974,4735.0,0.022135176049366434,22.8,0.1282539207400586,-0.22550416628637593,0.0017466809306329165,4.02537209684092,-0.7527964878793459,-0.8547267206231504,-47.868304060028386
2024-02-16,2024-03-15,0.07671232876712329,5005.56982421875,0.0548,5000.0,0.001113964843749926,71.05000000000001,0.1029599116241505,0.5795397703369674,0.0027390980858832746,5.420607481219203,-1.4214857209034755,2.1708643840365713,40.82937067323522,5025.0,-0.0038667016480099514,67.35,0.123282275864286,-0.48933886029938023,0.0023332872268963046,5.528929615593901,-0.8393165943696628,-1.93067274869395,-36.368520061487864,5120.0,-0.022349643707275435,21.4,0.10038604497286135,0.25854038093169107,0.002323867173465129,4.483909721567237,-0.9948748571420385,0.9763499729565938,60.473921636745516,4900.0,0.02154486208545925,27.549999999999997,0.13582962500673085,-0.24285227461769654,0.0016614598268162198,4.337670521850194,-0.8654696729614485,-0.9536600686793011,-44.12391993314429
2024-03-15,2024-04-19,0.0958904109589041,5117.08984375,0.0552,5120.0,-0.000568389892578125,90.30000000000001,0.12312447893132836,0.556847433073189,0.002024024475598213,6.257220072090678,-1.5178680875358672,2.6457490972852673,31.55524191319071,5150.0,-0.006390321601941751,78.30000000000001,0.11922213567494161,-0.5047133361755121,0.0021116027778384124,6.321066891695317,-0.6741621149646958,-2.551608823340522,-32.984207728473585,5300.0,-0.03451135023584906,18.0,0.1086832358413435,0.19229991991069512,0.0015873951119494923,4.331804650438571,-0.818657011426175,0.9263166807615815,54.667553580504865,5010.0,0.0213752183133733,34.099999999999994,0.13567165358712402,-0.25771059670933316,0.001501921058774864,5.116317522168835,-0.7870354001198165,-1.2972325944343408,-38.67238348561839
2024-04-19,2024-05-17,0.07671232876712329,4967.22998046875,0.0549,4950.0,0.003480804135101101,107.69999999999999,0.15981040703535637,0.5776098161809313,0.0017800603538956604,5.384352549078379,-1.951911472159837,2.1183501996305494,26.639933109999838,5010.0,-0.008536930046157631,100.15,0.16158110700556957,-0.5299296992380893,0.0017895677555288692,5.473087965014282,-1.1682043435275808,-2.0961127481823554,-26.28340179363166,5075.0,-0.021235471828817687,44.8,0.14590286462149157,0.3421038446407042,0.0018296887342887265,5.052830571122541,-1.5653248752583422,1.2692119796980463,37.93099271450199,4810.0,0.0326881456275987,36.45,0.18819499407808693,-0.23454933286411994,0.0011856285259342345,4.223285195514845,-1.2385673932125438,-0.921706668132642,-31.96325042813389
2024-05-17,2024-06-21,0.0958904109589041,5303.27001953125,0.055,5290.0,0.002508510308364853,86.15,0.09730104996508535,0.6076710943412402,0.002405178364631032,6.311425720280871,-1.3499200098867798,3.00759688691611,37.407358053922444,5315.0,-0.0022069577551739883,59.65,0.10312059274632343,-0.45543680943104536,0.0023410598651337554,6.510593500235049,-0.5861706132885929,-2.373243923387126,-40.49127204105465,5425.0,-0.022438706077188897,24.35,0.09039114513167014,0.2714724562870749,0.0022334936407815637,5.444691391020135,-0.9163448011083083,1.357177009572361,59.1249173903137,5180.0,0.023797301067808974,23.55,0.11821210180763804,-0.21045020707539508,0.0014864450559144238,4.738855433251068,-0.6285473100894664,-1.0927903987684318,-47.391690489330784
2024-06-21,2024-07-19,0.07671232876712329,5464.6201171875,0.0542,5450.0,0.002682590309633026,89.85,0.11575932653670605,0.5906700729500372,0.002217927410232589,5.8815045821339265,-1.6817461808686713,2.407184980037656,35.9241798916315,5500.0,-0.006432705965909058,67.1,0.10027226293912002,-0.5274153102321563,0.002622464439226131,6.02386935102571,-0.6406800528287606,-2.2624186521480674,-42.95267234587817,5575.0,-0.019799082118834077,27.9,0.10187782038001328,0.2921035301545881,0.002227440301769153,5.1984136953868765,-1.178606723959684,1.2031061687988716,57.212717820214884,5350.0,0.0214243209696261,23.950000000000003,0.12211773262453797,-0.2216668386172489,0.001608920751120875,4.500891099745162,-0.7980676419241153,-0.9476082694957363,-50.577247059018966
2024-07-19,2024-08-16,0.07671232876712329,5505.0,0.0548,5475.0,0.005479452054794498,110.7,0.13462833907607188,0.6094677157377244,0.0018698633709706162,5.852294540348846,-1.8940443604624277,2.4888699644875065,30.308218384063053,5550.0,-0.008108108108108136,92.9,0.13386326896167527,-0.5349256092408043,0.0019471087256823089,6.0594253968362715,-0.9923885089861791,-2.3302639289930616,-31.698229052946562,5625.0,-0.021333333333333315,33.599999999999994,0.11691057492937425,0.30155204913056854,0.001955072549730121,5.313693348096262,-1.3535232342722667,1.2476830918626256,49.40607233523134,5375.0,0.024186046511627923,37.55,0.15833795439826887,-0.253753703495585,0.0013266715614070551,4.883467064745233,-1.1654163513321636,-1.100410845411197,-37.20144172607708
2024-08-16,2024-09-20,0.0958904109589041,5554.25,0.0553,5555.0,-0.00013501350135014523,99.4,0.12320282693705917,0.5614037460700143,0.0018603345950819249,6.780125967105081,-1.6506949068125503,2.8947174379030445,31.369987510272747,5600.0,-0.008169642857142834,91.9,0.12164788844330829,-0.5231903034976304,0.0019035220038825108,6.849967383842133,-0.7362140726839085,-2.874631259233203,-31.620563530112875,5680.0,-0.022139084507042273,37.2,0.10926626410853692,0.31276545989458504,0.0018844862955498909,6.0912314987824345,-1.2083669715489214,1.63011546466586,46.69832187617533,5425.0,0.023824884792626788,38.7,0.1450604650135413,-0.25312818816960136,0.0012820736659852109,5.5015881058489695,-0.9212174619880088,-1.3852685854955995,-36.32912760883899
2024-09-20,2024-10-18,0.07671232876712329,5702.5498046875,0.0487,5700.0,0.00044733415570186175,85.25,0.11566971722927376,0.5582721995439892,0.0021603420619710086,6.2336948098850735,-1.7009817335499522,2.376797277566481,37.343988564052715,5700.0,0.00044733415570186175,68.9,0.12761898079366688,-0.4459030777896884,0.0019609911693872903,6.2430131646641565,-1.0742636337020202,-2.003484007009787,-36.90543555803111,5830.0,-0.021861096966123483,26.6,0.10460213152550621,0.26779248348582185,0.0019931050935603034,5.2008469588440915,-1.1716674052719924,1.1510684735038728,57.40977345232343,5550.0,0.02748645129504501,33.2,0.15465604605015823,-0.2291485560216826,0.0012405080060853334,4.785968271465839,-1.1429682462727393,-1.0278923149248778,-39.359369079847774
2024-10-18,2024-11-15,0.07671232876712329,5864.669921875,0.0492,5875.0,-0.0017583111702127452,96.35,0.13953812409211608,0.5284784068550717,0.0017556284439497153,6.4636495783883365,-2.0153694521046575,2.303672319324215,32.167632505515606,5900.0,-0.0059881488347457434,96.9,0.139041927251429,-0.5154354504248555,0.0017650739291175273,6.4753164001620425,-1.1872244534208236,-2.3932396130655977,-31.195653542100732,6000.0,-0.022555013020833292,36.95,0.12406710832325982,0.29567637153659143,0.0017139077918369029,5.610433616667938,-1.4717416499531866,1.3018805763636687,46.92948099484801,5730.0,0.023502604166666607,45.5,0.16545317968684936,-0.2701990759838404,0.0012307546866865556,5.37277843027288,-1.3676663301519787,-1.2505094528095448,-34.826997666704045
2024-11-15,2024-12-20,0.0958904109589041,5870.6201171875,0.047,5850.0,0.0035248063568376065,123.75,0.13639188848470585,0.5836091210150899,0.0015735115945838994,7.092537274626075,-1.8071895806039038,3.1666824828543967,27.68603997095172,5900.0,-0.004979641154660985,92.45,0.12547835172705127,-0.4972313903105251,0.0017488768693866659,7.2522234343618734,-0.9122127334721604,-2.887746058186283,-31.574435708894303,5990.0,-0.01992986357470783,47.55,0.11763927542974059,0.34064987747657505,0.00171459168924231,6.665860060401459,-1.3716274640291153,1.8720455021138944,42.057329625650475,5750.0,0.02097741168478251,49.05,0.14896276228191835,-0.2840583501101269,0.001251712794132473,6.162054642692091,-1.090261633915961,-1.6461014592166046,-33.99793403897174
2024-12-20,2025-01-17,0.07671232876712329,5930.85009765625,0.0443,5925.0,0.0009873582542194725,112.05,0.15069424789624122,0.5501083286337449,0.0015988951445395961,6.501532241889107,-2.131925024396024,2.4168679717509156,29.117447878107168,5975.0,-0.007389104994769857,99.05000000000001,0.13186932964093792,-0.5365530380801926,0.0018339548506295608,6.525766044650477,-1.1384467991510323,-2.5171352841656365,-32.12736636610766,6055.0,-0.020503699809042097,40.95,0.12500026604502507,0.31457810468484615,0.0017290573501944717,5.8320252736092755,-1.523265675279209,1.3998201735201758,45.560820593634006,5700.0,0.04050001713267548,33.15,0.18483436195460518,-0.19283555430988786,0.0009019124262412858,4.498276476094166,-1.3418757080706416,-0.9027727520848272,-34.50011360796662
2025-01-17,2025-02-21,0.0958904109589041,5996.66015625,0.0443,5950.0,0.0078420430672268,132.15,0.12462644418068468,0.6299723406715738,0.0016315473963205184,7.011387219486693,-1.6907553464861338,3.495761677220873,28.586682058445973,6055.0,-0.009634986581337768,109.45,0.12411940135472897,-0.5486129062073608,0.001718038888836695,7.353036410781291,-0.8912201232419154,-3.259598094541289,-30.057973134159717,6125.0,-0.020953443877551048,39.85,0.108352122211273,0.3128633020323479,0.0017604195253547847,6.5773000271275155,-1.2409616699018386,1.7608211351214131,47.079922627790395,5825.0,0.029469554721029967,39.3,0.15223193151392628,-0.23275844078419572,0.0010813224381745633,5.676165201514172,-1.0602447715178298,-1.3760976541326893,-35.51585923383152
2025-02-21,2025-03-21,0.07671232876712329,6013.1298828125,0.0436,5960.0,0.008914409867869066,140.65,0.15131336024891517,0.6226798843642739,0.001507614150328031,6.327524232961844,-2.1401704417205787,2.7644093304773816,26.62108083767196,6050.0,-0.006094234245867747,98.15,0.134628764473298,-0.5221676449601446,0.0017765109386357998,6.633948294890132,-1.2080704404829503,-2.4839543102104185,-31.990442224289236,6135.0,-0.019864729777913648,38.7,0.11835475253386851,0.3107708053963567,0.0017917233018999393,5.881972364988976,-1.4617396400622031,1.403839618870527,48.28695752741773,5875.0,0.023511469414893682,48.349999999999994,0.16723829901090115,-0.2752267795682375,0.0011984695994346338,5.559415069893265,-1.4567971175917194,-1.3066597928114356,-34.229045972511344
2025-03-21,2025-04-17,0.07397260273972603,5667.56005859375,0.0436,5625.0,0.007566232638888781,140.14999999999998,0.1750986118413559,0.5986344816236812,0.001432663658908768,5.960601797696657,-2.3213003540230357,2.4060675534021154,24.208325920415444,5700.0,-0.0056912177905701355,110.5,0.16779349192508014,-0.5125942108049497,0.0015416539197564377,6.14646149594141,-1.5496553198162446,-2.230761062916158,-26.29102727960001,5800.0,-0.02283447265625005,47.900000000000006,0.1514145950154404,0.3220393393854765,0.001536247647527305,5.527033944811049,-1.7620653628683833,1.3146982747565352,38.10391029762114,5550.0,0.02118199253941433,58.95,0.18782932182503237,-0.30889579465138906,0.0012166032404374708,5.42969607766275,-1.6724577915617371,-1.3386344557350314,-29.697802729018456
2025-04-17,2025-05-16,0.07945205479452055,5282.7001953125,0.0436,5250.0,0.006228608630952426,185.2,0.2681301103152824,0.5658352356042887,0.0009855712757227012,5.859366805251368,-3.0436821239200396,2.2277862844480554,16.140053516051612,5300.0,-0.0032641140919811296,151.05,0.2552184611590022,-0.4845746026206803,0.0010489738060994432,5.935998619099767,-2.2882042824175444,-2.1538755642939016,-16.94711912334776,5400.0,-0.021722186053240722,100.1,0.2403397609089711,0.40548592650424725,0.001083313947941826,5.772939704631626,-2.6361007811773765,1.6223796413968705,21.39920662413498,5160.0,0.0237791076187015,102.94999999999999,0.2793960500904094,-0.35131566618772125,0.0008915224446359214,5.522930844850575,-2.426503387140756,-1.556342871927748,-18.027152314965278
2025-05-16,2025-06-20,0.0958904109589041,5958.3798828125,0.0437,5925.0,0.005633735495780501,133.3,0.13869497417521612,0.5986477302016816,0.001511048167480178,7.134615775353121,-1.8247216690233776,3.2925608421472954,26.75896918622894,6000.0,-0.006936686197916653,116.65,0.14678192967325546,-0.5152461901208376,0.001471988427232123,7.3554381114471505,-1.1608217304819624,-3.0557229777236294,-26.31832433700606,6100.0,-0.023216412653688567,46.1,0.12491261867273648,0.31575219700296603,0.0015429022667835226,6.561094414714965,-1.3905347486916253,1.759849420858421,40.81066272430329,5800.0,0.02730687634698281,53.75,0.1715356189940425,-0.27005942875187516,0.0010448173490631063,6.101354326077394,-1.2960538527100043,-1.5945296811059708,-29.937054277893125
2025-06-20,2025-07-18,0.07671232876712329,5967.83984375,0.042,5950.0,0.002998293067226987,128.64999999999998,0.16607750085161824,0.56282210447113,0.0014352245635029094,6.512236224097511,-2.3030063336704196,2.477947973832635,26.10829525386081,6025.0,-0.009487162863070497,122.35,0.15473959780365934,-0.5500600382657087,0.0015474679135192653,6.542181711887722,-1.4159297529733683,-2.612070299891375,-26.830161218751744,6100.0,-0.021665599385245926,47.75,0.14038356031529822,0.3223872262080664,0.0015459269958398424,5.929317684281899,-1.7022827041028186,1.4392808040193572,40.292258407012426,5800.0,0.02893790409482766,55.6,0.19689358388561823,-0.2711101700016435,0.00101805576545072,5.47649402379435,-1.7329397057411806,-1.283813098309271,-29.099677600345302
2025-07-18,2025-08-15,0.07671232876712329,6296.7900390625,0.0435,6300.0,-0.000509517609126986,97.75,0.12749596741083194,0.5389236364804572,0.0017856162821243233,6.924496142145719,-1.9692893776058247,2.528238126250798,34.71599985684133,6350.0,-0.008379521407480328,105.9,0.1275340728232157,-0.5501706698035669,0.0017794244130495368,6.902546888456282,-1.1464913109453305,-2.738790613892635,-32.71302363551959,6500.0,-0.03126307091346159,19.0,0.11133406993699971,0.1823633761390056,0.001362487127621435,4.6138565211989055,-1.0518729586694753,0.8663153131547685,60.43704686295779,6150.0,0.023868299034552898,43.9,0.15654754803683615,-0.26022370954873764,0.001188580942311018,5.659507293097114,-1.3815966640540438,-1.2906650340308123,-37.32514947726409
2025-08-15,2025-09-19,0.0958904109589041,6449.7998046875,0.0448,6450.0,-3.103803294568497e-05,104.15,0.11289615837404146,0.5554619846160208,0.001752156707503478,7.890776799726796,-1.6995725504840882,3.3355178355211303,34.39864234594595,6500.0,-0.007723106971153859,107.1,0.1196760307894756,-0.5297968267450853,0.001664391324948338,7.945665350032669,-0.9258793879964994,-3.379354012007027,-31.905541266720036,6600.0,-0.02275760535037874,33.75,0.1000076517115933,0.2778800908590723,0.0016790805007319224,6.698420345490032,-1.1728307930786654,1.6862529712661614,53.10432461417922,6270.0,0.028676204894338087,43.55,0.1524796181716602,-0.23780784469523142,0.0010156833810501468,6.177856150370558,-1.1521051084576779,-1.5125398549952087,-35.21958535106093
2025-09-19,2025-10-17,0.07671232876712329,6664.35986328125,0.0419,6650.0,0.002159377937030138,107.2,0.1201062209598886,0.5706773409332586,0.0017711926456080225,7.247919312298901,-1.9787808066440142,2.835287032198477,35.47760454689195,6700.0,-0.0053194233908582245,95.4,0.11958606111276718,-0.5189133730455758,0.00180530280084798,7.355507871545602,-1.1628065086469594,-2.726068842479658,-36.249742902161394,6800.0,-0.01994707892922798,34.25,0.10551700427680115,0.28609198345629905,0.001746294596300836,6.278010099295389,-1.3978606987774194,1.4363385777828452,55.66773523358032,6500.0,0.02528613281250003,39.85,0.14896586025384112,-0.24078619552955338,0.0011326068278102303,5.748413114314457,-1.340354338680933,-1.2615617542600548,-40.268150873791946
2025-10-17,2025-11-21,0.0958904109589041,6664.009765625,0.0418,6650.0,0.002106731672932405,160.35000000000002,0.16950272819340906,0.5567375389727045,0.0011289849534702222,8.149130565679949,-2.379805337552643,3.4038740789449737,23.137539113398603,6675.0,-0.0016464770599250445,124.5,0.1607971911203098,-0.4711813545766885,0.0011991493695282863,8.211040060929257,-1.5123128328836242,-3.130301375062504,-25.220539343610003,6800.0,-0.01999856387867649,73.85,0.14521643861926192,0.36782584024290255,0.0012575332019734708,7.776455148543058,-1.8854964534839227,2.279645881398314,33.191536411433184,6400.0,0.04125152587890635,60.25,0.20681229486807667,-0.2339773600202213,0.0007183184501140513,6.326154653636249,-1.6835745046483923,-1.5529235449162813,-25.87929356925319
2025-11-21,2025-12-19,0.07671232876712329,6602.990234375,0.0403,6600.0,0.0004530658143939714,154.25,0.19535858024700795,0.5368738365981656,0.0011118441606968138,7.264787020830855,-2.90872737004602,2.6011023454015456,22.981994830442588,6650.0,-0.007069137687969906,147.2,0.1826869301651579,-0.521455916087725,0.0011923414551534733,7.285420082849232,-1.9802822584722914,-2.7542551508043855,-23.391089141202464,6800.0,-0.02897202435661761,51.3,0.16125775729162725,0.2854571429933065,0.0011520683979109809,6.213629529705064,-1.9917248068888007,1.4065748046707336,36.742119444651244,6345.0,0.040660399428684046,63.6,0.233817798169547,-0.24335622725900918,0.0007324980819708326,5.728363055741186,-2.207334471870953,-1.2814631831445282,-25.26538971390349
